slug,name,team,location,opponent,outcome,seconds_played,made_field_goals,attempted_field_goals,made_three_point_field_goals,attempted_three_point_field_goals,made_free_throws,attempted_free_throws,offensive_rebounds,defensive_rebounds,assists,steals,blocks,turnovers,personal_fouls,game_score
mcgratr01,Tracy McGrady,ORLANDO MAGIC,HOME,DETROIT PISTONS,WIN,2556,12,28,1,1,12,16,5,6,5,3,3,2,2,31.7
webbech01,Chris Webber,SACRAMENTO KINGS,AWAY,PHOENIX SUNS,WIN,2600,17,30,0,0,7,12,3,11,5,0,1,4,2,29.6
piercpa01,Paul Pierce,BOSTON CELTICS,HOME,MILWAUKEE BUCKS,LOSS,2709,11,23,4,8,4,6,2,8,4,3,0,1,1,25.7
francst01,Steve Francis,HOUSTON ROCKETS,AWAY,ATLANTA HAWKS,WIN,2622,10,17,3,5,8,9,3,6,6,2,0,7,3,24.6
kukocto01,Toni Kukoč,ATLANTA HAWKS,HOME,HOUSTON ROCKETS,LOSS,2627,9,15,4,8,4,5,3,8,7,0,0,2,4,24.5
iversal01,Allen Iverson,PHILADELPHIA 76ERS,HOME,NEW JERSEY NETS,WIN,2643,12,32,1,7,13,14,1,2,7,4,0,5,2,24.4
stackje01,Jerry Stackhouse,DETROIT PISTONS,AWAY,ORLANDO MAGIC,LOSS,2495,11,30,3,11,11,15,1,4,7,2,2,2,4,24.4
nowitdi01,Dirk Nowitzki,DALLAS MAVERICKS,AWAY,MIAMI HEAT,WIN,2624,10,16,5,8,4,6,0,5,2,1,1,2,1,23.2
mariosh01,Shawn Marion,PHOENIX SUNS,HOME,SACRAMENTO KINGS,LOSS,2550,10,17,0,0,3,3,1,7,2,3,2,1,0,22.7
walkean02,Antoine Walker,BOSTON CELTICS,HOME,MILWAUKEE BUCKS,LOSS,2488,14,28,7,14,1,4,0,11,4,3,0,6,5,21.9
onealje01,Jermaine O'Neal,INDIANA PACERS,HOME,NEW YORK KNICKS,LOSS,2678,7,13,0,0,3,6,3,11,3,1,7,0,4,21.3
masonan01,Anthony Mason,MIAMI HEAT,HOME,DALLAS MAVERICKS,LOSS,2466,11,21,0,0,3,3,4,11,4,0,0,3,2,19.8
thomati01,Tim Thomas,MILWAUKEE BUCKS,AWAY,BOSTON CELTICS,WIN,1847,7,13,3,6,5,8,3,7,3,0,0,0,3,19.6
cassesa01,Sam Cassell,MILWAUKEE BUCKS,AWAY,BOSTON CELTICS,WIN,2383,10,20,1,4,3,4,0,3,7,2,0,2,1,19.0
malonka01,Karl Malone,UTAH JAZZ,HOME,SEATTLE SUPERSONICS,WIN,2142,12,19,0,1,2,2,0,4,6,1,2,5,5,18.3
vanhoke01,Keith Van Horn,NEW JERSEY NETS,AWAY,PHILADELPHIA 76ERS,LOSS,2625,7,14,3,7,4,4,3,2,2,4,0,3,3,17.9
stockjo01,John Stockton,UTAH JAZZ,HOME,SEATTLE SUPERSONICS,WIN,1786,6,10,2,2,1,1,2,4,11,1,0,4,1,17.3
hillty01,Tyrone Hill,PHILADELPHIA 76ERS,HOME,NEW JERSEY NETS,WIN,2044,5,8,0,0,3,4,6,8,2,1,2,2,4,15.8
onealsh01,Shaquille O'Neal,LOS ANGELES LAKERS,HOME,TORONTO RAPTORS,WIN,1830,11,19,0,0,3,6,3,7,3,0,3,6,4,15.7
davishu01,Hubert Davis,WASHINGTON WIZARDS,AWAY,CLEVELAND CAVALIERS,WIN,2290,6,11,2,3,0,0,2,3,7,2,0,2,2,15.1
sprewla01,Latrell Sprewell,NEW YORK KNICKS,AWAY,INDIANA PACERS,WIN,2140,11,21,2,3,2,2,0,3,1,1,1,2,5,15.0
millemi01,Mike Miller,ORLANDO MAGIC,HOME,DETROIT PISTONS,WIN,2233,7,12,4,5,2,2,0,2,1,1,0,1,2,14.9
nashst01,Steve Nash,DALLAS MAVERICKS,AWAY,MIAMI HEAT,WIN,2044,7,10,0,0,5,6,0,2,7,1,0,5,3,14.7
cartevi01,Vince Carter,TORONTO RAPTORS,AWAY,LOS ANGELES LAKERS,LOSS,2152,10,25,2,6,6,7,0,1,1,0,2,0,5,14.5
moblecu01,Cuttino Mobley,HOUSTON ROCKETS,AWAY,ATLANTA HAWKS,WIN,2659,8,19,1,5,4,7,2,2,6,1,0,2,1,14.5
smithmi02,Michael Smith,WASHINGTON WIZARDS,AWAY,CLEVELAND CAVALIERS,WIN,1557,5,6,0,0,3,4,2,6,0,2,0,0,3,14.4
murrala01,Lamond Murray,CLEVELAND CAVALIERS,HOME,WASHINGTON WIZARDS,LOSS,1838,9,17,2,6,1,1,2,0,1,2,0,1,4,14.2
catoke01,Kelvin Cato,HOUSTON ROCKETS,AWAY,ATLANTA HAWKS,WIN,1731,5,6,0,0,4,5,5,4,0,0,2,2,4,13.9
bradlsh01,Shawn Bradley,DALLAS MAVERICKS,AWAY,MIAMI HEAT,WIN,2533,1,2,0,0,2,2,1,13,1,1,9,1,2,13.8
grantbr01,Brian Grant,MIAMI HEAT,HOME,DALLAS MAVERICKS,LOSS,2364,11,21,0,1,1,2,1,6,1,2,0,3,2,13.7
wallabe01,Ben Wallace,DETROIT PISTONS,AWAY,ORLANDO MAGIC,LOSS,2215,4,7,0,1,2,2,1,11,4,1,2,1,3,13.7
divacvl01,Vlade Divac,SACRAMENTO KINGS,AWAY,PHOENIX SUNS,WIN,1440,6,10,0,0,4,6,4,4,1,2,2,4,3,13.5
wrighlo02,Lorenzen Wright,ATLANTA HAWKS,HOME,HOUSTON ROCKETS,LOSS,1971,7,13,0,0,4,8,5,10,2,0,0,3,4,13.4
richmmi01,Mitch Richmond,WASHINGTON WIZARDS,AWAY,CLEVELAND CAVALIERS,WIN,2385,5,11,0,2,7,8,0,4,7,0,1,4,1,13.3
hunteli01,Lindsey Hunter,MILWAUKEE BUCKS,AWAY,BOSTON CELTICS,WIN,1302,5,8,2,3,2,2,0,0,1,2,0,0,1,12.7
roseja01,Jalen Rose,INDIANA PACERS,HOME,NEW YORK KNICKS,LOSS,2859,7,15,1,3,6,6,0,4,5,0,1,4,5,12.7
bryanko01,Kobe Bryant,LOS ANGELES LAKERS,HOME,TORONTO RAPTORS,WIN,2297,11,34,0,2,7,7,5,2,5,0,0,3,4,12.6
ricegl01,Glen Rice,NEW YORK KNICKS,AWAY,INDIANA PACERS,WIN,1969,4,13,2,3,6,6,2,6,1,0,0,0,0,12.4
howarju01,Juwan Howard,DALLAS MAVERICKS,AWAY,MIAMI HEAT,WIN,2665,8,14,0,0,0,0,1,13,2,1,0,3,3,12.2
williwa02,Walt Williams,HOUSTON ROCKETS,AWAY,ATLANTA HAWKS,WIN,2277,4,12,3,6,6,6,0,7,2,1,0,1,4,12.1
hamilri01,Richard Hamilton,WASHINGTON WIZARDS,AWAY,CLEVELAND CAVALIERS,WIN,2057,6,16,0,2,5,5,3,1,4,1,0,2,1,12.0
mutomdi01,Dikembe Mutombo,PHILADELPHIA 76ERS,HOME,NEW JERSEY NETS,WIN,2314,3,8,0,0,5,5,6,6,0,0,1,1,1,11.9
bowenbr01,Bruce Bowen,MIAMI HEAT,HOME,DALLAS MAVERICKS,LOSS,2415,7,13,2,2,0,0,1,1,1,2,0,0,4,11.8
allenra02,Ray Allen,MILWAUKEE BUCKS,AWAY,BOSTON CELTICS,WIN,2110,1,10,1,3,11,13,1,8,6,1,0,2,3,11.7
cambyma01,Marcus Camby,NEW YORK KNICKS,AWAY,INDIANA PACERS,WIN,2599,3,7,0,0,1,3,2,12,2,2,5,2,2,11.6
eschmev01,Evan Eschmeyer,NEW JERSEY NETS,AWAY,PHILADELPHIA 76ERS,LOSS,1519,3,4,0,0,1,2,5,3,2,1,2,0,4,11.6
horryro01,Robert Horry,LOS ANGELES LAKERS,HOME,TORONTO RAPTORS,WIN,1642,4,6,2,3,0,0,2,8,1,1,1,1,3,11.4
shawbr01,Brian Shaw,LOS ANGELES LAKERS,HOME,TORONTO RAPTORS,WIN,2018,5,9,2,2,0,0,1,4,5,0,0,1,2,11.3
marbust01,Stephon Marbury,NEW JERSEY NETS,AWAY,PHILADELPHIA 76ERS,LOSS,2605,8,24,2,9,2,2,0,3,14,2,1,7,4,11.2
finlemi01,Michael Finley,DALLAS MAVERICKS,AWAY,MIAMI HEAT,WIN,2422,7,13,2,2,0,0,0,2,4,2,0,4,0,11.1
martike01,Kenyon Martin,NEW JERSEY NETS,AWAY,PHILADELPHIA 76ERS,LOSS,2712,6,13,0,2,2,2,0,6,1,4,0,2,2,11.0
kiddja01,Jason Kidd,PHOENIX SUNS,HOME,SACRAMENTO KINGS,LOSS,2462,2,6,0,1,2,4,2,3,13,2,0,4,1,10.8
marshdo01,Donyell Marshall,UTAH JAZZ,HOME,SEATTLE SUPERSONICS,WIN,2150,6,17,0,2,1,1,4,10,0,1,3,1,2,10.6
reiddo01,Don Reid,ORLANDO MAGIC,HOME,DETROIT PISTONS,WIN,1612,3,6,0,0,2,4,4,13,0,0,2,1,2,10.5
willial02,Alvin Williams,TORONTO RAPTORS,AWAY,LOS ANGELES LAKERS,LOSS,2190,4,12,0,1,2,5,1,2,5,3,1,0,0,10.5
snower01,Eric Snow,PHILADELPHIA 76ERS,HOME,NEW JERSEY NETS,WIN,2173,3,5,0,0,1,2,0,3,8,4,0,4,1,10.4
luety01,Tyronn Lue,LOS ANGELES LAKERS,HOME,TORONTO RAPTORS,WIN,1436,3,4,2,2,0,0,0,3,2,3,0,1,1,10.3
starkjo01,John Starks,UTAH JAZZ,HOME,SEATTLE SUPERSONICS,WIN,1670,2,8,1,1,4,4,1,1,7,0,0,0,0,10.1
whiteja01,Jahidi White,WASHINGTON WIZARDS,AWAY,CLEVELAND CAVALIERS,WIN,2076,4,8,0,0,3,3,4,9,1,0,1,3,2,10.1
millean02,Andre Miller,CLEVELAND CAVALIERS,HOME,WASHINGTON WIZARDS,LOSS,2042,4,9,1,2,2,2,0,1,6,2,0,2,2,10.0
turkohe01,Hedo Türkoğlu,SACRAMENTO KINGS,AWAY,PHOENIX SUNS,WIN,2018,5,12,3,5,0,2,3,6,2,1,0,1,3,9.9
crawfch01,Chris Crawford,ATLANTA HAWKS,HOME,HOUSTON ROCKETS,LOSS,1435,5,8,0,0,2,2,1,3,0,1,3,1,6,9.7
mckieaa01,Aaron McKie,PHILADELPHIA 76ERS,HOME,NEW JERSEY NETS,WIN,1718,5,11,0,2,2,2,0,2,4,0,0,0,0,9.7
chrisdo01,Doug Christie,SACRAMENTO KINGS,AWAY,PHOENIX SUNS,WIN,2553,1,2,0,1,6,6,2,3,1,1,0,1,1,9.6
rogerro01,Rodney Rogers,PHOENIX SUNS,HOME,SACRAMENTO KINGS,LOSS,1996,9,22,0,1,1,2,2,2,1,1,1,0,4,9.6
gatlich01,Chris Gatling,CLEVELAND CAVALIERS,HOME,WASHINGTON WIZARDS,LOSS,1554,6,11,0,1,1,2,3,3,1,0,1,1,3,9.5
jonesju01,Jumaine Jones,PHILADELPHIA 76ERS,HOME,NEW JERSEY NETS,WIN,1183,4,4,2,2,0,0,0,0,0,1,0,0,1,9.4
jacksbo01,Bobby Jackson,SACRAMENTO KINGS,AWAY,PHOENIX SUNS,WIN,1643,3,10,0,1,2,2,2,4,6,1,1,1,1,9.3
masonde01,Desmond Mason,SEATTLE SUPERSONICS,AWAY,UTAH JAZZ,LOSS,2059,6,10,0,2,0,0,1,2,1,1,1,1,2,9.3
paytoga01,Gary Payton,SEATTLE SUPERSONICS,AWAY,UTAH JAZZ,LOSS,2507,3,17,0,3,4,4,0,6,7,4,1,1,1,9.3
pollasc01,Scot Pollard,SACRAMENTO KINGS,AWAY,PHOENIX SUNS,WIN,989,4,6,0,0,0,0,3,4,1,0,1,1,0,9.1
andersh01,Shandon Anderson,HOUSTON ROCKETS,AWAY,ATLANTA HAWKS,WIN,2522,5,16,1,5,4,6,1,7,2,3,0,2,3,9.0
atkinch01,Chucky Atkins,DETROIT PISTONS,AWAY,ORLANDO MAGIC,LOSS,1934,3,8,2,3,0,0,0,4,6,2,0,2,0,9.0
davisem01,Emanual Davis,SEATTLE SUPERSONICS,AWAY,UTAH JAZZ,LOSS,1331,5,6,1,2,0,0,0,2,2,0,0,1,2,9.0
eliema01,Mario Elie,PHOENIX SUNS,HOME,SACRAMENTO KINGS,LOSS,1175,4,4,2,2,0,0,0,1,1,0,0,0,2,9.0
ewingpa01,Patrick Ewing,SEATTLE SUPERSONICS,AWAY,UTAH JAZZ,LOSS,2322,6,14,0,0,0,0,2,7,3,0,2,1,4,9.0
outlabo01,Bo Outlaw,ORLANDO MAGIC,HOME,DETROIT PISTONS,WIN,1579,4,6,0,0,1,2,3,4,3,0,2,3,2,9.0
lynchge01,George Lynch,PHILADELPHIA 76ERS,HOME,NEW JERSEY NETS,WIN,2088,5,8,0,0,1,2,2,5,4,2,0,5,2,8.9
perkisa01,Sam Perkins,INDIANA PACERS,HOME,NEW YORK KNICKS,LOSS,2187,3,9,3,5,1,2,2,5,1,2,0,1,1,8.7
patteru01,Ruben Patterson,SEATTLE SUPERSONICS,AWAY,UTAH JAZZ,LOSS,2147,4,10,0,0,2,2,2,2,3,2,0,2,1,8.3
terryja01,Jason Terry,ATLANTA HAWKS,HOME,HOUSTON ROCKETS,LOSS,2761,8,23,2,8,2,2,0,3,5,2,0,4,3,8.3
traylro01,Robert Traylor,CLEVELAND CAVALIERS,HOME,WASHINGTON WIZARDS,LOSS,1438,5,6,0,0,0,0,1,5,1,0,0,2,1,8.3
williaa01,Aaron Williams,NEW JERSEY NETS,AWAY,PHILADELPHIA 76ERS,LOSS,1607,4,6,0,0,3,4,0,1,0,0,2,0,4,8.1
armstda01,Darrell Armstrong,ORLANDO MAGIC,HOME,DETROIT PISTONS,WIN,2185,2,9,1,3,2,2,0,8,10,2,0,4,3,7.7
johnsde03,DerMarr Johnson,ATLANTA HAWKS,HOME,HOUSTON ROCKETS,LOSS,1839,4,6,0,2,0,1,2,2,1,1,0,1,0,7.7
potapvi01,Vitaly Potapenko,BOSTON CELTICS,HOME,MILWAUKEE BUCKS,LOSS,1279,2,4,0,0,2,2,2,3,1,1,0,0,1,7.6
willico02,Corliss Williamson,DETROIT PISTONS,AWAY,ORLANDO MAGIC,LOSS,1983,8,15,0,0,3,7,1,4,1,0,0,4,3,7.5
clarkke01,Keon Clark,TORONTO RAPTORS,AWAY,LOS ANGELES LAKERS,LOSS,1243,4,6,0,0,1,2,0,1,2,0,2,1,2,7.3
colesbi01,Bimbo Coles,CLEVELAND CAVALIERS,HOME,WASHINGTON WIZARDS,LOSS,851,4,7,1,2,0,0,0,1,5,0,0,1,3,7.3
currymi01,Michael Curry,DETROIT PISTONS,AWAY,ORLANDO MAGIC,LOSS,1070,4,5,0,0,2,2,0,2,2,0,1,2,4,7.2
greenac01,A.C. Green,MIAMI HEAT,HOME,DALLAS MAVERICKS,LOSS,888,4,5,0,0,0,3,1,2,0,1,0,0,0,7.2
harrilu01,Lucious Harris,NEW JERSEY NETS,AWAY,PHILADELPHIA 76ERS,LOSS,1485,3,7,1,2,2,2,0,3,4,1,0,2,2,7.2
mccoyje01,Jelani McCoy,SEATTLE SUPERSONICS,AWAY,UTAH JAZZ,LOSS,1560,3,6,0,0,2,2,2,3,1,0,4,2,4,7.2
palacmi01,Milt Palacio,BOSTON CELTICS,HOME,MILWAUKEE BUCKS,LOSS,1860,2,6,0,1,4,4,1,2,5,1,0,2,3,7.2
foxri01,Rick Fox,LOS ANGELES LAKERS,HOME,TORONTO RAPTORS,WIN,1786,2,4,0,2,1,1,3,3,3,0,1,1,2,7.0
petermo01,Morris Peterson,TORONTO RAPTORS,AWAY,LOS ANGELES LAKERS,LOSS,1646,5,10,1,3,0,0,0,4,0,0,0,0,1,6.8
knighbr01,Brevin Knight,ATLANTA HAWKS,HOME,HOUSTON ROCKETS,LOSS,1745,3,10,0,0,0,0,1,3,7,3,0,1,5,6.7
alexaco01,Cory Alexander,ORLANDO MAGIC,HOME,DETROIT PISTONS,WIN,695,2,4,1,2,0,0,0,2,4,1,0,1,0,6.4
harrial01,Al Harrington,INDIANA PACERS,HOME,NEW YORK KNICKS,LOSS,2031,5,13,0,0,2,4,2,7,4,0,0,2,5,6.4
grantho01,Horace Grant,LOS ANGELES LAKERS,HOME,TORONTO RAPTORS,WIN,1729,3,7,0,0,0,0,3,7,2,1,0,1,4,6.3
thomaku01,Kurt Thomas,NEW YORK KNICKS,AWAY,INDIANA PACERS,WIN,1696,4,8,0,0,1,2,3,3,0,0,1,1,4,5.7
weathcl01,Clarence Weatherspoon,CLEVELAND CAVALIERS,HOME,WASHINGTON WIZARDS,LOSS,1869,3,8,0,0,1,2,2,5,2,1,2,2,3,5.7
majerda01,Dan Majerle,MIAMI HEAT,HOME,DALLAS MAVERICKS,LOSS,2143,1,7,1,5,0,0,1,1,5,3,0,0,1,5.6
robincl02,Clifford Robinson,PHOENIX SUNS,HOME,SACRAMENTO KINGS,LOSS,1562,6,15,0,2,2,2,1,3,0,0,1,1,4,5.6
davisan01,Antonio Davis,TORONTO RAPTORS,AWAY,LOS ANGELES LAKERS,LOSS,1880,4,12,0,0,2,2,1,6,1,0,1,0,4,5.5
jacksma01,Mark Jackson,NEW YORK KNICKS,AWAY,INDIANA PACERS,WIN,1730,0,3,0,1,0,0,1,4,7,2,0,0,3,5.5
polynol01,Olden Polynice,UTAH JAZZ,HOME,SEATTLE SUPERSONICS,WIN,1137,1,3,0,0,2,4,5,2,0,0,1,0,2,5.5
delnevi01,Vinny Del Negro,PHOENIX SUNS,HOME,SACRAMENTO KINGS,LOSS,789,1,4,0,1,0,0,0,2,6,1,0,0,0,5.4
houstal01,Allan Houston,NEW YORK KNICKS,AWAY,INDIANA PACERS,WIN,2143,5,16,0,3,2,2,0,2,2,1,2,1,2,5.4
oaklech01,Charles Oakley,TORONTO RAPTORS,AWAY,LOS ANGELES LAKERS,LOSS,1521,2,7,0,0,0,0,3,7,6,0,1,2,4,5.4
caffeja01,Jason Caffey,MILWAUKEE BUCKS,AWAY,BOSTON CELTICS,WIN,1335,4,9,0,0,1,2,3,5,0,1,0,2,3,5.3
ostergr01,Greg Ostertag,UTAH JAZZ,HOME,SEATTLE SUPERSONICS,WIN,1712,2,6,0,0,0,2,0,8,1,0,5,0,3,5.2
declean01,Andrew DeClercq,ORLANDO MAGIC,HOME,DETROIT PISTONS,WIN,1054,3,5,0,0,1,2,1,3,0,1,0,1,2,5.1
alexaco02,Courtney Alexander,WASHINGTON WIZARDS,AWAY,CLEVELAND CAVALIERS,WIN,1567,5,8,0,1,2,2,0,1,0,0,0,3,2,4.9
bakervi01,Vin Baker,SEATTLE SUPERSONICS,AWAY,UTAH JAZZ,LOSS,1847,4,12,1,2,7,10,1,1,1,0,1,4,4,4.8
barroda01,Dana Barros,DETROIT PISTONS,AWAY,ORLANDO MAGIC,LOSS,564,2,2,1,1,0,0,0,0,1,0,0,0,1,4.7
carrch01,Chris Carr,BOSTON CELTICS,HOME,MILWAUKEE BUCKS,LOSS,1201,4,7,1,3,2,3,0,1,2,0,0,2,6,4.6
owensbi01,Billy Owens,DETROIT PISTONS,AWAY,ORLANDO MAGIC,LOSS,1456,1,5,0,1,4,4,2,6,1,0,0,1,3,4.6
thomake01,Kenny Thomas,HOUSTON ROCKETS,AWAY,ATLANTA HAWKS,WIN,862,0,1,0,0,2,2,1,2,2,1,0,0,1,4.6
newmajo01,Johnny Newman,NEW JERSEY NETS,AWAY,PHILADELPHIA 76ERS,LOSS,1395,4,6,1,2,1,2,0,1,1,1,0,3,4,4.4
murratr01,Tracy Murray,TORONTO RAPTORS,AWAY,LOS ANGELES LAKERS,LOSS,438,1,4,1,2,2,2,0,3,0,0,1,0,0,4.2
cartean01,Anthony Carter,MIAMI HEAT,HOME,DALLAS MAVERICKS,LOSS,1465,2,7,0,0,0,0,1,2,5,1,0,1,2,3.9
harprma01,Matt Harpring,CLEVELAND CAVALIERS,HOME,WASHINGTON WIZARDS,LOSS,1190,3,8,0,0,0,0,2,0,1,1,0,0,2,3.9
willimo01,Monty Williams,ORLANDO MAGIC,HOME,DETROIT PISTONS,WIN,643,3,5,0,0,0,0,1,0,0,0,1,0,3,3.9
hardati01,Tim Hardaway,MIAMI HEAT,HOME,DALLAS MAVERICKS,LOSS,1968,1,9,1,4,2,2,1,2,8,1,0,2,3,3.8
besttr01,Travis Best,INDIANA PACERS,HOME,NEW YORK KNICKS,LOSS,2271,2,13,1,2,4,4,0,1,6,1,0,2,2,3.4
hamda01,Darvin Ham,MILWAUKEE BUCKS,AWAY,BOSTON CELTICS,WIN,981,2,3,0,0,0,2,3,1,1,0,0,0,4,3.4
bendejo01,Jonathan Bender,INDIANA PACERS,HOME,NEW YORK KNICKS,LOSS,792,2,4,0,0,2,2,0,1,1,0,0,1,2,3.2
delkto01,Tony Delk,PHOENIX SUNS,HOME,SACRAMENTO KINGS,LOSS,1618,3,6,0,0,0,0,1,2,1,2,0,3,2,3.2
vaughja01,Jacque Vaughn,UTAH JAZZ,HOME,SEATTLE SUPERSONICS,WIN,1094,1,1,1,1,2,2,0,2,2,1,0,3,4,3.1
eisleho01,Howard Eisley,DALLAS MAVERICKS,AWAY,MIAMI HEAT,WIN,1258,2,5,0,1,3,4,0,3,0,0,0,1,2,3.0
willije01,Jerome Williams,TORONTO RAPTORS,AWAY,LOS ANGELES LAKERS,LOSS,811,3,6,0,0,0,0,2,0,0,0,0,1,1,3.0
russebr01,Bryon Russell,UTAH JAZZ,HOME,SEATTLE SUPERSONICS,WIN,1522,4,7,0,2,0,0,1,0,1,0,0,2,3,2.9
glovedi01,Dion Glover,ATLANTA HAWKS,HOME,HOUSTON ROCKETS,LOSS,525,2,5,0,2,0,0,1,0,1,1,1,1,2,2.6
perryel01,Elliot Perry,PHOENIX SUNS,HOME,SACRAMENTO KINGS,LOSS,131,1,1,0,0,0,0,0,0,1,0,0,0,0,2.4
douglsh01,Sherman Douglas,NEW JERSEY NETS,AWAY,PHILADELPHIA 76ERS,LOSS,419,1,1,0,0,0,0,0,1,1,0,0,0,1,2.3
fundela01,Lawrence Funderburke,SACRAMENTO KINGS,AWAY,PHOENIX SUNS,WIN,593,1,2,0,0,0,0,0,1,0,1,0,0,0,2.3
wardch01,Charlie Ward,NEW YORK KNICKS,AWAY,INDIANA PACERS,WIN,1150,1,1,1,1,0,0,0,2,5,0,0,3,4,2.2
johnser02,Ervin Johnson,MILWAUKEE BUCKS,AWAY,BOSTON CELTICS,WIN,1450,1,1,0,0,0,0,1,3,1,0,1,1,4,2.1
mooremi01,Mikki Moore,DETROIT PISTONS,AWAY,ORLANDO MAGIC,LOSS,713,1,3,0,1,0,0,1,0,0,1,0,0,0,2.0
doleami01,Michael Doleac,ORLANDO MAGIC,HOME,DETROIT PISTONS,WIN,503,2,4,0,0,0,0,0,2,1,0,0,1,1,1.9
garripa01,Pat Garrity,ORLANDO MAGIC,HOME,DETROIT PISTONS,WIN,977,3,10,1,5,0,0,0,2,1,1,0,0,4,1.9
houseed01,Eddie House,MIAMI HEAT,HOME,DALLAS MAVERICKS,LOSS,691,1,5,0,1,0,0,0,2,1,2,0,0,1,1.8
persowe01,Wesley Person,CLEVELAND CAVALIERS,HOME,WASHINGTON WIZARDS,LOSS,1690,2,7,1,2,0,0,0,2,2,1,1,2,2,1.8
willier01,Eric Williams,BOSTON CELTICS,HOME,MILWAUKEE BUCKS,LOSS,1607,1,4,0,2,1,3,1,1,2,0,0,0,1,1.8
madsema01,Mark Madsen,LOS ANGELES LAKERS,HOME,TORONTO RAPTORS,WIN,559,1,1,0,0,0,0,0,0,0,0,0,0,0,1.7
willish01,Shammond Williams,SEATTLE SUPERSONICS,AWAY,UTAH JAZZ,LOSS,627,1,3,1,1,0,0,1,0,0,0,0,0,1,1.6
harriot01,Othella Harrington,NEW YORK KNICKS,AWAY,INDIANA PACERS,WIN,973,1,3,0,0,4,4,0,1,0,0,0,2,3,1.4
norrimo01,Moochie Norris,HOUSTON ROCKETS,AWAY,ATLANTA HAWKS,WIN,652,1,5,0,1,2,2,1,0,0,1,0,1,1,1.2
wallajo01,John Wallace,DETROIT PISTONS,AWAY,ORLANDO MAGIC,LOSS,637,2,7,0,1,0,0,1,2,1,0,0,0,2,1.1
fosteje01,Jeff Foster,INDIANA PACERS,HOME,NEW YORK KNICKS,LOSS,497,0,1,0,0,0,0,0,0,1,1,0,0,0,1.0
stewami01,Michael Stewart,TORONTO RAPTORS,AWAY,LOS ANGELES LAKERS,LOSS,197,0,0,0,0,0,0,0,0,0,1,0,0,0,1.0
willisc01,Scott Williams,MILWAUKEE BUCKS,AWAY,BOSTON CELTICS,WIN,706,1,2,0,0,0,0,0,4,0,0,0,0,3,1.0
georgde01,Devean George,LOS ANGELES LAKERS,HOME,TORONTO RAPTORS,WIN,595,0,1,0,0,0,0,0,2,0,0,2,0,1,0.9
tsakaja01,Jake Tsakalidis,PHOENIX SUNS,HOME,SACRAMENTO KINGS,LOSS,815,0,3,0,0,1,2,3,4,1,1,0,1,4,0.9
smithmi03,Mike Smith,WASHINGTON WIZARDS,AWAY,CLEVELAND CAVALIERS,WIN,163,1,1,0,0,0,0,0,0,0,0,0,1,0,0.7
laettch01,Christian Laettner,WASHINGTON WIZARDS,AWAY,CLEVELAND CAVALIERS,WIN,1329,1,3,0,0,0,0,0,2,2,2,0,3,2,0.5
guglito01,Tom Gugliotta,PHOENIX SUNS,HOME,SACRAMENTO KINGS,LOSS,1171,2,10,0,1,2,2,0,1,1,2,1,2,3,0.3
hendeal01,Alan Henderson,ATLANTA HAWKS,HOME,HOUSTON ROCKETS,LOSS,253,0,2,0,0,0,0,1,1,1,0,0,0,0,0.3
mccarwa01,Walter McCarty,BOSTON CELTICS,HOME,MILWAUKEE BUCKS,LOSS,157,0,0,0,0,0,0,0,1,0,0,0,0,0,0.3
montrer01,Eric Montross,TORONTO RAPTORS,AWAY,LOS ANGELES LAKERS,LOSS,508,0,1,0,0,0,0,1,0,1,0,0,0,1,0.3
santida01,Daniel Santiago,PHOENIX SUNS,HOME,SACRAMENTO KINGS,LOSS,131,0,0,0,0,0,0,0,1,0,0,0,0,0,0.3
cleavma01,Mateen Cleaves,DETROIT PISTONS,AWAY,ORLANDO MAGIC,LOSS,738,0,2,0,1,0,0,0,1,1,1,0,0,1,0.2
robingl01,Glenn Robinson,MILWAUKEE BUCKS,AWAY,BOSTON CELTICS,WIN,2287,5,17,0,2,0,0,2,8,4,0,1,6,3,0.2
jacksji01,Jim Jackson,CLEVELAND CAVALIERS,HOME,WASHINGTON WIZARDS,LOSS,1042,0,6,0,0,1,1,0,5,4,1,0,2,0,0.1
colsose01,Sean Colson,HOUSTON ROCKETS,AWAY,ATLANTA HAWKS,WIN,74,0,0,0,0,0,0,0,0,0,0,0,0,0,0.0
jacksst02,Stephen Jackson,NEW JERSEY NETS,AWAY,PHILADELPHIA 76ERS,LOSS,33,0,0,0,0,0,0,0,0,0,0,0,0,0,0.0
longar01,Art Long,SACRAMENTO KINGS,AWAY,PHOENIX SUNS,WIN,69,0,0,0,0,0,0,0,0,0,0,0,0,0,0.0
martida01,Darrick Martin,SACRAMENTO KINGS,AWAY,PHOENIX SUNS,WIN,69,0,0,0,0,0,0,0,0,0,0,0,0,0,0.0
mckeyde01,Derrick McKey,INDIANA PACERS,HOME,NEW YORK KNICKS,LOSS,687,0,2,0,0,0,0,0,3,1,0,0,0,1,-0.2
stojape01,Peja Stojaković,SACRAMENTO KINGS,AWAY,PHOENIX SUNS,WIN,638,2,7,0,0,0,0,2,1,0,0,0,1,2,-0.2
amaecjo01,John Amaechi,ORLANDO MAGIC,HOME,DETROIT PISTONS,WIN,352,1,1,0,0,0,1,0,0,1,0,0,2,1,-0.4
crottjo01,John Crotty,UTAH JAZZ,HOME,SEATTLE SUPERSONICS,WIN,449,0,0,0,0,0,0,1,1,0,0,0,1,1,-0.4
smithja01,Jabari Smith,SACRAMENTO KINGS,AWAY,PHOENIX SUNS,WIN,69,0,1,0,0,0,0,0,1,0,0,0,0,0,-0.4
vanteda01,David Vanterpool,WASHINGTON WIZARDS,AWAY,CLEVELAND CAVALIERS,WIN,191,0,0,0,0,0,0,0,0,0,0,0,0,1,-0.4
childch01,Chris Childs,TORONTO RAPTORS,AWAY,LOS ANGELES LAKERS,LOSS,1221,0,4,0,2,0,0,0,0,3,1,0,1,0,-0.7
croshau01,Austin Croshere,INDIANA PACERS,HOME,NEW YORK KNICKS,LOSS,398,0,2,0,1,0,0,1,0,0,0,0,0,0,-0.7
curryde01,Dell Curry,TORONTO RAPTORS,AWAY,LOS ANGELES LAKERS,LOSS,593,1,2,0,1,0,0,0,1,0,1,0,3,0,-0.7
mihmch01,Chris Mihm,CLEVELAND CAVALIERS,HOME,WASHINGTON WIZARDS,LOSS,886,0,0,0,0,0,0,1,0,0,0,0,1,1,-0.7
rogerca01,Carlos Rogers,HOUSTON ROCKETS,AWAY,ATLANTA HAWKS,WIN,429,0,0,0,0,0,2,0,0,0,0,0,0,0,-0.8
mannida01,Danny Manning,UTAH JAZZ,HOME,SEATTLE SUPERSONICS,WIN,738,1,5,0,0,0,0,0,2,0,1,0,1,1,-0.9
hudsotr01,Troy Hudson,ORLANDO MAGIC,HOME,DETROIT PISTONS,WIN,12,0,0,0,0,0,0,0,0,0,0,0,1,0,-1.0
maxweve01,Vernon Maxwell,DALLAS MAVERICKS,AWAY,MIAMI HEAT,WIN,718,1,5,0,3,0,0,0,0,1,1,0,0,4,-1.0
mohamna01,Nazr Mohammed,ATLANTA HAWKS,HOME,HOUSTON ROCKETS,LOSS,909,1,5,0,0,2,2,1,2,0,0,0,2,3,-1.0
brownra02,Randy Brown,BOSTON CELTICS,HOME,MILWAUKEE BUCKS,LOSS,1020,0,3,0,0,0,0,0,0,4,0,0,1,2,-1.1
olajuha01,Hakeem Olajuwon,HOUSTON ROCKETS,AWAY,ATLANTA HAWKS,WIN,572,0,2,0,0,0,0,1,2,0,0,0,1,0,-1.1
smithjo02,Joe Smith,DETROIT PISTONS,AWAY,ORLANDO MAGIC,LOSS,212,1,3,0,0,0,0,0,0,0,0,0,1,1,-1.1
buechju01,Jud Buechler,DETROIT PISTONS,AWAY,ORLANDO MAGIC,LOSS,383,0,2,0,0,0,0,0,0,0,0,0,0,0,-1.4
penbemi01,Mike Penberthy,LOS ANGELES LAKERS,HOME,TORONTO RAPTORS,WIN,509,0,2,0,0,0,0,0,0,0,1,0,1,0,-1.4
maccuto01,Todd MacCulloch,PHILADELPHIA 76ERS,HOME,NEW JERSEY NETS,WIN,237,0,1,0,0,0,0,0,0,0,0,0,0,2,-1.5
trentga01,Gary Trent,DALLAS MAVERICKS,AWAY,MIAMI HEAT,WIN,135,0,1,0,0,0,0,0,0,0,0,0,0,2,-1.5
blounma01,Mark Blount,BOSTON CELTICS,HOME,MILWAUKEE BUCKS,LOSS,1444,0,3,0,0,0,0,0,4,0,0,1,0,4,-1.8
mottoha01,Hanno Möttölä,ATLANTA HAWKS,HOME,HOUSTON ROCKETS,LOSS,335,0,1,0,1,0,0,0,0,0,0,0,1,3,-2.9
jonespo01,Popeye Jones,WASHINGTON WIZARDS,AWAY,CLEVELAND CAVALIERS,WIN,785,0,5,0,0,0,0,0,3,0,0,0,0,1,-3.0
willija02,Jason Williams,SACRAMENTO KINGS,AWAY,PHOENIX SUNS,WIN,1719,0,3,0,1,0,2,0,0,5,1,0,4,2,-3.2
stithbr01,Bryant Stith,BOSTON CELTICS,HOME,MILWAUKEE BUCKS,LOSS,635,0,2,0,2,0,0,0,2,0,0,0,2,4,-4.4
