slug,name,team,location,opponent,outcome,seconds_played,made_field_goals,attempted_field_goals,made_three_point_field_goals,attempted_three_point_field_goals,made_free_throws,attempted_free_throws,offensive_rebounds,defensive_rebounds,assists,steals,blocks,turnovers,personal_fouls,game_score
iversal01,Allen Iverson,PHILADELPHIA 76ERS,AWAY,ORLANDO MAGIC,LOSS,2535,18,33,5,6,5,9,2,3,5,0,0,4,4,28.7
jonesed02,Eddie Jones,CHARLOTTE HORNETS,HOME,MILWAUKEE BUCKS,WIN,2439,12,18,3,7,6,7,1,4,2,1,0,3,4,24.5
willije01,Jerome Williams,DETROIT PISTONS,AWAY,BOSTON CELTICS,WIN,2015,5,6,0,0,10,11,4,12,0,2,0,1,1,24.4
hardaan01,Anfernee Hardaway,PHOENIX SUNS,AWAY,NEW JERSEY NETS,WIN,2596,10,16,1,3,4,5,3,1,5,4,1,3,2,24.2
garripa01,Pat Garrity,ORLANDO MAGIC,HOME,PHILADELPHIA 76ERS,WIN,1287,10,11,1,2,4,4,1,1,1,1,1,0,2,23.9
paytoga01,Gary Payton,SEATTLE SUPERSONICS,AWAY,WASHINGTON WIZARDS,WIN,2187,9,20,2,8,0,2,3,4,17,1,0,2,1,22.6
masonan01,Anthony Mason,CHARLOTTE HORNETS,HOME,MILWAUKEE BUCKS,WIN,2187,6,8,0,0,6,6,3,5,8,1,0,1,4,22.4
stackje01,Jerry Stackhouse,DETROIT PISTONS,AWAY,BOSTON CELTICS,WIN,2414,10,21,2,6,8,9,1,4,8,1,0,5,2,21.6
anderde01,Derek Anderson,LOS ANGELES CLIPPERS,HOME,SAN ANTONIO SPURS,LOSS,2426,10,17,3,5,5,5,1,6,4,1,0,3,5,21.4
colesbi01,Bimbo Coles,ATLANTA HAWKS,AWAY,VANCOUVER GRIZZLIES,LOSS,2631,10,18,0,2,0,0,1,5,8,3,0,0,2,21.4
piercpa01,Paul Pierce,BOSTON CELTICS,HOME,DETROIT PISTONS,LOSS,2223,10,17,1,3,5,7,0,3,4,2,1,2,2,20.9
marbust01,Stephon Marbury,NEW JERSEY NETS,HOME,PHOENIX SUNS,LOSS,2402,10,22,0,2,7,8,0,3,5,3,1,2,2,20.5
francst01,Steve Francis,HOUSTON ROCKETS,HOME,LOS ANGELES LAKERS,LOSS,2492,9,18,2,8,6,8,2,8,5,4,0,6,4,19.9
wesleda01,David Wesley,CHARLOTTE HORNETS,HOME,MILWAUKEE BUCKS,WIN,2144,5,10,2,4,8,10,0,1,10,1,0,1,4,19.9
abdursh01,Shareef Abdur-Rahim,VANCOUVER GRIZZLIES,HOME,ATLANTA HAWKS,WIN,2824,7,15,0,1,8,11,4,8,9,0,3,6,4,19.1
harriot01,Othella Harrington,VANCOUVER GRIZZLIES,HOME,ATLANTA HAWKS,WIN,2764,10,16,0,0,1,1,3,9,2,0,3,2,4,18.5
guglito01,Tom Gugliotta,PHOENIX SUNS,AWAY,NEW JERSEY NETS,WIN,2104,7,12,0,0,4,5,4,4,3,4,0,3,2,18.3
robingl01,Glenn Robinson,MILWAUKEE BUCKS,AWAY,CHARLOTTE HORNETS,LOSS,2184,8,16,3,5,5,6,3,6,0,0,0,2,1,17.1
allenra02,Ray Allen,MILWAUKEE BUCKS,AWAY,CHARLOTTE HORNETS,LOSS,2219,8,18,3,6,5,5,1,3,2,1,0,1,2,16.8
newmajo01,Johnny Newman,NEW JERSEY NETS,HOME,PHOENIX SUNS,LOSS,1734,8,14,2,5,8,10,0,2,1,2,0,4,3,16.7
maxweve01,Vernon Maxwell,SEATTLE SUPERSONICS,AWAY,WASHINGTON WIZARDS,WIN,1541,9,15,4,8,2,2,1,0,3,0,0,3,1,16.5
cassesa01,Sam Cassell,MILWAUKEE BUCKS,AWAY,CHARLOTTE HORNETS,LOSS,1956,6,13,0,0,9,10,0,1,9,0,0,3,3,16.3
dickemi01,Michael Dickerson,VANCOUVER GRIZZLIES,HOME,ATLANTA HAWKS,WIN,2670,9,19,1,3,0,0,2,6,2,3,1,1,1,16.2
hunteli01,Lindsey Hunter,DETROIT PISTONS,AWAY,BOSTON CELTICS,WIN,2397,6,14,3,5,0,0,1,2,9,2,0,1,1,15.8
ricegl01,Glen Rice,LOS ANGELES LAKERS,AWAY,HOUSTON ROCKETS,WIN,2577,8,15,1,2,7,9,1,6,2,0,0,4,1,15.4
duncati01,Tim Duncan,SAN ANTONIO SPURS,AWAY,LOS ANGELES CLIPPERS,WIN,2569,8,24,0,0,6,7,7,10,3,1,1,3,4,15.1
hillgr01,Grant Hill,DETROIT PISTONS,AWAY,BOSTON CELTICS,WIN,2331,7,18,0,0,2,3,2,8,7,3,1,2,3,15.0
crawfch01,Chris Crawford,ATLANTA HAWKS,AWAY,VANCOUVER GRIZZLIES,LOSS,2383,7,17,1,3,3,3,2,0,4,2,1,0,3,14.6
maccuto01,Todd MacCulloch,PHILADELPHIA 76ERS,AWAY,ORLANDO MAGIC,LOSS,1847,5,7,0,0,0,0,4,8,1,0,5,0,5,14.5
bibbymi01,Mike Bibby,VANCOUVER GRIZZLIES,HOME,ATLANTA HAWKS,WIN,2408,8,11,0,0,2,2,1,1,6,2,0,5,4,14.1
howarju01,Juwan Howard,WASHINGTON WIZARDS,HOME,SEATTLE SUPERSONICS,LOSS,1900,7,13,0,0,2,2,4,1,2,2,2,3,2,13.8
abdulta01,Tariq Abdul-Wahad,ORLANDO MAGIC,HOME,PHILADELPHIA 76ERS,WIN,1262,6,10,0,1,2,2,0,5,3,0,1,0,1,13.3
skinnbr01,Brian Skinner,LOS ANGELES CLIPPERS,HOME,SAN ANTONIO SPURS,LOSS,2045,4,6,0,0,3,4,2,7,0,0,4,0,3,13.1
eliema01,Mario Elie,SAN ANTONIO SPURS,AWAY,LOS ANGELES CLIPPERS,WIN,1389,3,4,2,3,4,4,1,1,2,0,0,0,0,12.8
barrybr01,Brent Barry,SEATTLE SUPERSONICS,AWAY,WASHINGTON WIZARDS,WIN,1817,5,8,3,6,0,0,0,2,3,3,0,2,1,12.7
walkean02,Antoine Walker,BOSTON CELTICS,HOME,DETROIT PISTONS,LOSS,1884,5,14,1,6,7,9,2,8,2,1,0,1,5,12.6
phillbo01,Bobby Phills,CHARLOTTE HORNETS,HOME,MILWAUKEE BUCKS,WIN,2503,7,15,1,5,3,4,0,3,5,0,0,1,2,12.5
johnsav01,Avery Johnson,SAN ANTONIO SPURS,AWAY,LOS ANGELES CLIPPERS,WIN,2394,6,14,0,0,2,2,2,3,6,2,1,3,1,12.4
greenac01,A.C. Green,LOS ANGELES LAKERS,AWAY,HOUSTON ROCKETS,WIN,2416,4,9,1,1,5,6,3,9,0,1,0,1,4,12.1
whitnch01,Chris Whitney,WASHINGTON WIZARDS,HOME,SEATTLE SUPERSONICS,LOSS,1753,4,12,1,7,1,2,0,3,11,4,0,3,1,12.0
willimo01,Monty Williams,ORLANDO MAGIC,HOME,PHILADELPHIA 76ERS,WIN,1432,6,9,0,0,0,2,1,3,2,2,1,1,1,11.6
feickja01,Jamie Feick,NEW JERSEY NETS,HOME,PHOENIX SUNS,LOSS,1945,3,6,0,0,2,2,6,7,1,2,1,2,3,11.5
tayloma01,Maurice Taylor,LOS ANGELES CLIPPERS,HOME,SAN ANTONIO SPURS,LOSS,1410,7,13,0,1,4,6,0,5,0,1,2,2,4,11.2
bakervi01,Vin Baker,SEATTLE SUPERSONICS,AWAY,WASHINGTON WIZARDS,WIN,2134,6,11,0,0,3,5,1,5,3,0,1,2,2,11.1
odomla01,Lamar Odom,LOS ANGELES CLIPPERS,HOME,SAN ANTONIO SPURS,LOSS,1974,4,7,0,0,8,10,1,6,3,1,0,4,6,11.1
amaecjo01,John Amaechi,ORLANDO MAGIC,HOME,PHILADELPHIA 76ERS,WIN,1412,3,7,0,0,7,10,3,2,1,0,0,0,2,10.7
olowomi01,Michael Olowokandi,LOS ANGELES CLIPPERS,HOME,SAN ANTONIO SPURS,LOSS,2256,5,9,0,0,2,2,3,6,0,2,1,2,4,10.7
stricro02,Rod Strickland,WASHINGTON WIZARDS,HOME,SEATTLE SUPERSONICS,LOSS,1887,7,13,0,1,0,0,0,4,4,1,0,2,1,10.3
armstda01,Darrell Armstrong,ORLANDO MAGIC,HOME,PHILADELPHIA 76ERS,WIN,2192,8,19,2,7,2,2,0,2,10,0,0,6,4,9.9
lynchge01,George Lynch,PHILADELPHIA 76ERS,AWAY,ORLANDO MAGIC,LOSS,2203,7,13,0,1,1,2,2,2,1,0,1,1,2,9.9
patteru01,Ruben Patterson,SEATTLE SUPERSONICS,AWAY,WASHINGTON WIZARDS,WIN,1567,5,10,0,0,4,4,2,3,1,0,1,2,2,9.9
johnser02,Ervin Johnson,MILWAUKEE BUCKS,AWAY,CHARLOTTE HORNETS,LOSS,1373,2,3,0,0,2,2,4,2,1,2,2,1,4,9.6
olajuha01,Hakeem Olajuwon,HOUSTON ROCKETS,HOME,LOS ANGELES LAKERS,LOSS,2181,5,18,0,0,5,7,3,7,1,1,2,1,1,9.5
barroda01,Dana Barros,BOSTON CELTICS,HOME,DETROIT PISTONS,LOSS,1688,2,4,1,1,3,3,0,2,6,0,0,1,1,9.4
grantho01,Horace Grant,SEATTLE SUPERSONICS,AWAY,WASHINGTON WIZARDS,WIN,1898,6,10,0,0,0,0,1,7,0,2,0,2,2,9.4
williaa01,Aaron Williams,WASHINGTON WIZARDS,HOME,SEATTLE SUPERSONICS,LOSS,1528,6,9,0,0,1,1,3,1,1,0,0,2,2,9.4
snower01,Eric Snow,PHILADELPHIA 76ERS,AWAY,ORLANDO MAGIC,LOSS,1621,1,3,0,0,3,3,1,4,10,0,1,2,4,9.3
fishede01,Derek Fisher,LOS ANGELES LAKERS,AWAY,HOUSTON ROCKETS,WIN,2013,5,14,2,6,2,2,0,1,2,4,0,2,2,9.1
wallabe01,Ben Wallace,ORLANDO MAGIC,HOME,PHILADELPHIA 76ERS,WIN,1407,0,2,0,0,3,4,2,7,3,2,1,0,1,9.1
reevebr01,Bryant Reeves,VANCOUVER GRIZZLIES,HOME,ATLANTA HAWKS,WIN,2596,7,18,0,0,2,2,2,5,3,1,1,2,5,8.9
outlabo01,Bo Outlaw,ORLANDO MAGIC,HOME,PHILADELPHIA 76ERS,WIN,1953,3,4,0,0,0,0,2,2,3,1,3,2,2,8.8
andersh01,Shandon Anderson,HOUSTON ROCKETS,HOME,LOS ANGELES LAKERS,LOSS,1436,3,6,0,0,1,1,1,3,5,2,0,1,4,8.5
jacksja01,Jaren Jackson,SAN ANTONIO SPURS,AWAY,LOS ANGELES CLIPPERS,WIN,1491,3,7,2,3,2,2,1,3,2,0,0,0,2,8.5
traylro01,Robert Traylor,MILWAUKEE BUCKS,AWAY,CHARLOTTE HORNETS,LOSS,933,3,3,0,0,0,0,2,1,3,0,1,0,3,8.4
hendeal01,Alan Henderson,ATLANTA HAWKS,AWAY,VANCOUVER GRIZZLIES,LOSS,2726,7,16,0,0,2,4,3,5,1,0,0,2,2,8.3
portete01,Terry Porter,SAN ANTONIO SPURS,AWAY,LOS ANGELES CLIPPERS,WIN,1653,5,9,1,3,1,2,0,2,4,1,0,3,1,8.3
griffad01,Adrian Griffin,BOSTON CELTICS,HOME,DETROIT PISTONS,LOSS,2577,4,8,1,1,2,2,1,8,5,2,0,5,6,8.2
ellisda01,Dale Ellis,MILWAUKEE BUCKS,AWAY,CHARLOTTE HORNETS,LOSS,1031,3,4,3,4,0,0,1,1,0,0,0,0,1,8.0
laettch01,Christian Laettner,DETROIT PISTONS,AWAY,BOSTON CELTICS,WIN,1108,4,8,0,0,4,4,1,3,0,1,0,2,2,7.8
colemde01,Derrick Coleman,CHARLOTTE HORNETS,HOME,MILWAUKEE BUCKS,WIN,1170,4,10,0,1,2,2,3,1,0,0,1,0,0,7.7
longllu01,Luc Longley,PHOENIX SUNS,AWAY,NEW JERSEY NETS,WIN,1030,4,9,0,0,2,2,2,6,1,0,1,1,3,7.7
mckieaa01,Aaron McKie,PHILADELPHIA 76ERS,AWAY,ORLANDO MAGIC,LOSS,1693,2,8,0,1,1,1,1,6,5,3,0,0,4,7.6
whiteja01,Jahidi White,WASHINGTON WIZARDS,HOME,SEATTLE SUPERSONICS,LOSS,966,3,5,0,0,3,6,1,5,0,0,0,0,1,7.3
wrighlo02,Lorenzen Wright,ATLANTA HAWKS,AWAY,VANCOUVER GRIZZLIES,LOSS,1454,4,6,0,0,2,2,0,7,0,0,1,1,5,7.2
mutomdi01,Dikembe Mutombo,ATLANTA HAWKS,AWAY,VANCOUVER GRIZZLIES,LOSS,1918,2,4,0,0,3,4,1,5,0,1,4,2,4,7.0
foxri01,Rick Fox,LOS ANGELES LAKERS,AWAY,HOUSTON ROCKETS,WIN,1375,4,14,0,1,3,3,3,4,4,2,0,2,5,6.9
mariosh01,Shawn Marion,PHOENIX SUNS,AWAY,NEW JERSEY NETS,WIN,1452,2,8,0,0,6,6,2,6,0,1,1,2,3,6.9
harpero01,Ron Harper,LOS ANGELES LAKERS,AWAY,HOUSTON ROCKETS,WIN,1787,3,8,0,1,2,2,0,1,6,1,1,1,5,6.8
rogerro01,Rodney Rogers,PHOENIX SUNS,AWAY,NEW JERSEY NETS,WIN,1087,3,8,1,3,2,2,3,0,2,1,2,2,5,6.5
kiddja01,Jason Kidd,PHOENIX SUNS,AWAY,NEW JERSEY NETS,WIN,2398,7,18,1,1,0,0,0,4,4,1,0,3,2,6.4
moblecu01,Cuttino Mobley,HOUSTON ROCKETS,HOME,LOS ANGELES LAKERS,LOSS,2121,1,6,1,5,6,7,0,5,5,0,0,2,4,6.2
onealsh01,Shaquille O'Neal,LOS ANGELES LAKERS,AWAY,HOUSTON ROCKETS,WIN,894,3,6,0,0,0,0,2,5,1,0,1,1,1,5.9
reidjr01,J.R. Reid,MILWAUKEE BUCKS,AWAY,CHARLOTTE HORNETS,LOSS,1873,2,5,0,0,3,4,2,6,1,1,0,1,5,5.8
austiis01,Isaac Austin,WASHINGTON WIZARDS,HOME,SEATTLE SUPERSONICS,LOSS,1915,7,13,0,0,0,1,1,4,1,1,2,5,4,5.7
currymi01,Michael Curry,DETROIT PISTONS,AWAY,BOSTON CELTICS,WIN,1215,4,4,0,0,0,0,0,0,0,0,0,0,3,5.6
jacksji01,Jim Jackson,ATLANTA HAWKS,AWAY,VANCOUVER GRIZZLIES,LOSS,2544,5,16,0,1,2,2,3,5,3,2,0,5,0,5.5
mcleoro01,Roshown McLeod,ATLANTA HAWKS,AWAY,VANCOUVER GRIZZLIES,LOSS,628,2,4,0,0,2,3,0,2,0,1,0,0,0,5.2
owensbi01,Billy Owens,PHILADELPHIA 76ERS,AWAY,ORLANDO MAGIC,LOSS,856,3,4,0,0,0,0,1,4,2,0,1,2,3,5.2
hamilri01,Richard Hamilton,WASHINGTON WIZARDS,HOME,SEATTLE SUPERSONICS,LOSS,1650,7,14,1,3,0,0,0,4,0,0,0,3,3,5.0
brownch01,Chucky Brown,SAN ANTONIO SPURS,AWAY,LOS ANGELES CLIPPERS,WIN,1051,3,5,0,0,0,0,0,2,2,0,0,0,2,4.9
robined01,Eddie Robinson,CHARLOTTE HORNETS,HOME,MILWAUKEE BUCKS,WIN,818,3,6,0,0,0,0,1,0,1,0,1,0,1,4.7
walkesa01,Samaki Walker,SAN ANTONIO SPURS,AWAY,LOS ANGELES CLIPPERS,WIN,941,3,7,0,0,3,3,2,2,0,0,1,3,1,4.6
williwa02,Walt Williams,HOUSTON ROCKETS,HOME,LOS ANGELES LAKERS,LOSS,1541,2,5,2,4,0,0,0,1,3,1,0,1,3,4.5
davisba01,Baron Davis,CHARLOTTE HORNETS,HOME,MILWAUKEE BUCKS,WIN,736,3,8,0,1,0,1,2,3,3,2,0,2,3,4.4
doleami01,Michael Doleac,ORLANDO MAGIC,HOME,PHILADELPHIA 76ERS,WIN,1121,4,9,0,0,0,0,0,4,1,0,0,0,2,4.4
milleol01,Oliver Miller,PHOENIX SUNS,AWAY,NEW JERSEY NETS,WIN,1308,1,2,0,0,0,1,2,8,2,0,2,2,2,4.4
rogerca01,Carlos Rogers,HOUSTON ROCKETS,HOME,LOS ANGELES LAKERS,LOSS,1229,4,8,0,1,0,1,2,3,0,0,1,1,3,4.4
campbel01,Elden Campbell,CHARLOTTE HORNETS,HOME,MILWAUKEE BUCKS,WIN,1710,1,3,0,0,3,4,0,3,4,0,1,1,5,4.3
millste01,Terry Mills,DETROIT PISTONS,AWAY,BOSTON CELTICS,WIN,1755,3,10,1,3,2,2,0,4,2,1,0,1,4,4.2
delnevi01,Vinny Del Negro,MILWAUKEE BUCKS,AWAY,CHARLOTTE HORNETS,LOSS,782,3,5,0,0,0,0,0,1,2,0,0,1,1,4.0
robincl02,Clifford Robinson,PHOENIX SUNS,AWAY,NEW JERSEY NETS,WIN,1659,4,6,0,1,2,3,1,3,0,0,0,3,4,4.0
robinda01,David Robinson,SAN ANTONIO SPURS,AWAY,LOS ANGELES CLIPPERS,WIN,1629,3,9,0,0,2,4,1,5,1,0,0,0,3,3.8
georgde01,Devean George,LOS ANGELES LAKERS,AWAY,HOUSTON ROCKETS,WIN,234,2,3,1,1,0,0,1,1,0,0,0,1,0,3.7
barklch01,Charles Barkley,HOUSTON ROCKETS,HOME,LOS ANGELES LAKERS,LOSS,519,2,2,0,0,1,2,1,3,0,0,0,2,0,3.6
harrilu01,Lucious Harris,NEW JERSEY NETS,HOME,PHOENIX SUNS,LOSS,1022,3,8,0,1,0,0,1,1,1,1,0,1,0,3.3
westdo01,Doug West,VANCOUVER GRIZZLIES,HOME,ATLANTA HAWKS,WIN,526,1,2,0,0,0,0,1,1,1,1,0,0,1,3.3
masseto01,Tony Massenburg,HOUSTON ROCKETS,HOME,LOS ANGELES LAKERS,LOSS,1012,2,4,0,0,2,3,1,0,0,0,1,1,3,2.8
mccoyje01,Jelani McCoy,SEATTLE SUPERSONICS,AWAY,WASHINGTON WIZARDS,WIN,1093,1,2,0,0,1,2,0,5,0,0,2,1,2,2.7
shawbr01,Brian Shaw,LOS ANGELES LAKERS,AWAY,HOUSTON ROCKETS,WIN,1170,3,7,0,0,0,0,0,2,2,0,0,1,2,2.5
fostegr01,Greg Foster,SEATTLE SUPERSONICS,AWAY,WASHINGTON WIZARDS,WIN,509,2,4,0,0,0,0,0,3,1,0,0,0,3,2.4
vanhoke01,Keith Van Horn,NEW JERSEY NETS,HOME,PHOENIX SUNS,LOSS,1398,4,10,0,0,2,2,1,0,0,0,1,2,4,2.4
battito01,Tony Battie,BOSTON CELTICS,HOME,DETROIT PISTONS,LOSS,958,2,6,0,0,2,2,1,1,1,0,0,0,5,2.3
dayto01,Todd Day,PHOENIX SUNS,AWAY,NEW JERSEY NETS,WIN,348,1,2,0,1,1,2,1,0,0,1,0,1,0,2.3
drewbr01,Bryce Drew,HOUSTON ROCKETS,HOME,LOS ANGELES LAKERS,LOSS,792,1,3,1,1,1,2,0,1,0,0,0,0,0,2.2
maggeco01,Corey Maggette,ORLANDO MAGIC,HOME,PHILADELPHIA 76ERS,WIN,1113,3,8,0,0,1,1,0,1,1,0,0,1,1,2.2
mohamna01,Nazr Mohammed,PHILADELPHIA 76ERS,AWAY,ORLANDO MAGIC,LOSS,1399,2,6,0,0,3,4,3,3,0,0,1,4,2,2.1
overtdo01,Doug Overton,BOSTON CELTICS,HOME,DETROIT PISTONS,LOSS,590,3,8,1,1,1,1,0,1,0,0,0,1,2,2.1
burresc01,Scott Burrell,NEW JERSEY NETS,HOME,PHOENIX SUNS,LOSS,1482,2,12,0,5,1,2,4,5,0,2,1,1,3,1.8
cagemi01,Michael Cage,NEW JERSEY NETS,HOME,PHOENIX SUNS,LOSS,1159,0,0,0,0,0,0,1,4,0,0,1,0,2,1.8
knightr01,Travis Knight,LOS ANGELES LAKERS,AWAY,HOUSTON ROCKETS,WIN,230,0,1,0,0,0,0,1,0,1,0,2,0,1,1.7
parksch02,Cherokee Parks,VANCOUVER GRIZZLIES,HOME,ATLANTA HAWKS,WIN,963,1,3,0,0,0,0,2,3,0,0,2,2,1,1.6
lewisra02,Rashard Lewis,SEATTLE SUPERSONICS,AWAY,WASHINGTON WIZARDS,WIN,1285,2,4,0,1,0,0,0,0,1,1,0,1,3,1.5
millebr01,Brad Miller,CHARLOTTE HORNETS,HOME,MILWAUKEE BUCKS,WIN,693,0,1,0,0,1,2,0,2,1,2,0,1,2,1.4
kingge02,Gerard King,WASHINGTON WIZARDS,HOME,SEATTLE SUPERSONICS,LOSS,182,0,0,0,0,0,0,0,2,0,0,1,0,0,1.3
willier01,Eric Williams,BOSTON CELTICS,HOME,DETROIT PISTONS,LOSS,886,1,3,0,0,2,2,1,1,0,0,0,2,0,1.3
stephjo01,Joe Stephens,VANCOUVER GRIZZLIES,HOME,ATLANTA HAWKS,WIN,377,1,4,0,0,0,0,0,1,1,1,0,0,1,1.2
hughela01,Larry Hughes,PHILADELPHIA 76ERS,AWAY,ORLANDO MAGIC,LOSS,1055,3,10,0,2,1,2,1,0,0,1,0,1,1,1.1
bowenbr01,Bruce Bowen,PHILADELPHIA 76ERS,AWAY,ORLANDO MAGIC,LOSS,1191,2,7,0,0,0,0,1,1,2,0,0,1,1,0.9
catoke01,Kelvin Cato,HOUSTON ROCKETS,HOME,LOS ANGELES LAKERS,LOSS,757,1,3,0,0,0,0,1,0,0,0,1,0,2,0.9
murratr01,Tracy Murray,WASHINGTON WIZARDS,HOME,SEATTLE SUPERSONICS,LOSS,862,2,7,0,2,0,0,1,2,1,0,0,1,0,0.9
kerseje01,Jerome Kersey,SAN ANTONIO SPURS,AWAY,LOS ANGELES CLIPPERS,WIN,662,1,4,0,0,0,0,1,1,2,2,0,2,3,0.8
atkinch01,Chucky Atkins,ORLANDO MAGIC,HOME,PHILADELPHIA 76ERS,WIN,688,1,4,0,1,0,0,0,0,5,1,0,1,6,0.7
bowdlca01,Cal Bowdler,ATLANTA HAWKS,AWAY,VANCOUVER GRIZZLIES,LOSS,229,0,0,0,0,0,0,0,1,0,0,1,0,1,0.6
gatlich01,Chris Gatling,ORLANDO MAGIC,HOME,PHILADELPHIA 76ERS,WIN,533,0,3,0,0,0,0,1,3,0,1,0,0,0,0.5
mccarwa01,Walter McCarty,BOSTON CELTICS,HOME,DETROIT PISTONS,LOSS,1017,2,5,2,3,0,0,0,1,0,0,0,2,3,0.4
profila01,Laron Profit,WASHINGTON WIZARDS,HOME,SEATTLE SUPERSONICS,LOSS,606,0,2,0,1,0,0,0,1,2,0,0,0,0,0.3
mcilvji01,Jim McIlvaine,NEW JERSEY NETS,HOME,PHOENIX SUNS,LOSS,861,1,2,0,0,0,0,1,5,0,0,0,1,5,0.2
aventan01,Anthony Avent,LOS ANGELES CLIPPERS,HOME,SAN ANTONIO SPURS,LOSS,120,0,0,0,0,0,0,0,0,0,0,0,0,0,0.0
buechju01,Jud Buechler,DETROIT PISTONS,AWAY,BOSTON CELTICS,WIN,35,0,0,0,0,0,0,0,0,0,0,0,0,0,0.0
gillke01,Kendall Gill,NEW JERSEY NETS,HOME,PHOENIX SUNS,LOSS,1637,1,8,0,0,3,4,0,0,1,1,1,1,2,0.0
jonesju01,Jumaine Jones,PHILADELPHIA 76ERS,AWAY,ORLANDO MAGIC,LOSS,0,0,0,0,0,0,0,0,0,0,0,0,0,0,0.0
rosema01,Malik Rose,SAN ANTONIO SPURS,AWAY,LOS ANGELES CLIPPERS,WIN,621,1,2,0,0,2,4,0,1,0,0,1,2,3,0.0
hudsotr01,Troy Hudson,LOS ANGELES CLIPPERS,HOME,SAN ANTONIO SPURS,LOSS,1959,1,8,1,4,0,0,0,1,6,1,0,3,1,-0.1
anderke01,Kenny Anderson,BOSTON CELTICS,HOME,DETROIT PISTONS,LOSS,678,1,4,0,1,0,0,1,2,1,1,0,2,2,-0.2
livinra01,Randy Livingston,PHOENIX SUNS,AWAY,NEW JERSEY NETS,WIN,418,1,4,0,1,0,0,0,3,1,0,0,1,1,-0.2
mannida01,Danny Manning,MILWAUKEE BUCKS,AWAY,CHARLOTTE HORNETS,LOSS,1205,1,5,0,0,1,2,0,1,2,2,0,1,6,-0.2
jonesch03,Charles Jones,LOS ANGELES CLIPPERS,HOME,SAN ANTONIO SPURS,LOSS,381,0,0,0,0,0,0,0,0,0,0,0,0,1,-0.4
vaughlo01,Loy Vaught,DETROIT PISTONS,AWAY,BOSTON CELTICS,WIN,293,0,2,0,0,0,0,1,1,0,0,0,0,0,-0.4
luety01,Tyronn Lue,LOS ANGELES LAKERS,AWAY,HOUSTON ROCKETS,WIN,790,0,1,0,0,0,0,0,0,2,1,0,1,3,-0.5
workmha01,Haywoode Workman,MILWAUKEE BUCKS,AWAY,CHARLOTTE HORNETS,LOSS,846,2,5,1,3,0,0,0,3,2,0,0,4,3,-0.6
brownma01,Marcus Brown,DETROIT PISTONS,AWAY,BOSTON CELTICS,WIN,269,0,1,0,1,0,0,1,1,0,0,0,1,0,-0.7
muresgh01,Gheorghe Mureșan,NEW JERSEY NETS,HOME,PHOENIX SUNS,LOSS,157,0,1,0,0,0,0,0,0,0,0,0,0,0,-0.7
vinsofr01,Fred Vinson,SEATTLE SUPERSONICS,AWAY,WASHINGTON WIZARDS,WIN,162,0,1,0,1,0,0,0,0,0,0,0,0,0,-0.7
rideris01,Isaiah Rider,ATLANTA HAWKS,AWAY,VANCOUVER GRIZZLIES,LOSS,832,2,7,0,1,1,2,0,0,1,0,0,2,0,-0.8
pricebr01,Brent Price,VANCOUVER GRIZZLIES,HOME,ATLANTA HAWKS,WIN,772,0,4,0,2,0,0,0,0,3,1,0,0,3,-0.9
smithmi02,Michael Smith,WASHINGTON WIZARDS,HOME,SEATTLE SUPERSONICS,LOSS,1154,0,2,0,0,0,0,1,1,1,0,0,0,3,-0.9
hamilth01,Thomas Hamilton,HOUSTON ROCKETS,HOME,LOS ANGELES LAKERS,LOSS,320,0,1,0,0,0,2,1,1,0,0,1,1,1,-1.2
douglsh01,Sherman Douglas,NEW JERSEY NETS,HOME,PHOENIX SUNS,LOSS,603,0,1,0,1,0,0,0,0,2,0,0,2,1,-1.7
potapvi01,Vitaly Potapenko,BOSTON CELTICS,HOME,DETROIT PISTONS,LOSS,1901,1,6,0,0,1,2,2,5,0,1,2,5,2,-1.7
willish01,Shammond Williams,SEATTLE SUPERSONICS,AWAY,WASHINGTON WIZARDS,WIN,207,0,2,0,1,0,0,0,0,1,0,0,1,1,-2.1
reiddo01,Don Reid,DETROIT PISTONS,AWAY,BOSTON CELTICS,WIN,568,0,0,0,0,0,0,0,0,0,0,0,1,3,-2.2
terryja01,Jason Terry,ATLANTA HAWKS,AWAY,VANCOUVER GRIZZLIES,LOSS,556,0,4,0,0,3,4,0,1,0,0,0,2,1,-2.3
sallejo01,John Salley,LOS ANGELES LAKERS,AWAY,HOUSTON ROCKETS,WIN,914,0,3,0,0,1,2,1,1,0,1,0,1,5,-2.5
nesbyty01,Tyrone Nesby,LOS ANGELES CLIPPERS,HOME,SAN ANTONIO SPURS,LOSS,1830,1,11,1,3,3,6,1,1,0,2,1,4,4,-4.4
