slug,name,team,location,opponent,outcome,seconds_played,made_field_goals,attempted_field_goals,made_three_point_field_goals,attempted_three_point_field_goals,made_free_throws,attempted_free_throws,offensive_rebounds,defensive_rebounds,assists,steals,blocks,turnovers,personal_fouls,game_score
jamisan01,Antawn Jamison,WASHINGTON WIZARDS,AWAY,BOSTON CELTICS,WIN,2482,13,22,4,8,4,6,2,5,7,3,0,0,2,33.0
nashst01,Steve Nash,PHOENIX SUNS,AWAY,CLEVELAND CAVALIERS,WIN,2137,10,17,3,6,0,0,1,2,15,0,0,0,2,26.1
westde01,Delonte West,BOSTON CELTICS,HOME,WASHINGTON WIZARDS,LOSS,2498,7,14,1,2,7,8,1,3,11,3,0,1,3,24.7
leeda02,David Lee,NEW YORK KNICKS,AWAY,MILWAUKEE BUCKS,LOSS,2131,9,12,0,0,1,1,4,10,3,1,1,0,0,23.8
jamesle01,LeBron James,CLEVELAND CAVALIERS,HOME,PHOENIX SUNS,LOSS,2524,12,22,3,6,3,6,2,7,5,2,0,3,2,23.4
bryanko01,Kobe Bryant,LOS ANGELES LAKERS,HOME,SAN ANTONIO SPURS,LOSS,2810,13,25,1,2,4,5,0,6,7,1,1,3,2,22.9
willima01,Mo Williams,MILWAUKEE BUCKS,HOME,NEW YORK KNICKS,WIN,2407,13,26,0,4,4,5,1,5,10,2,0,5,2,22.0
mariosh01,Shawn Marion,PHOENIX SUNS,AWAY,CLEVELAND CAVALIERS,WIN,2469,8,12,2,3,5,7,0,8,1,1,1,0,2,21.0
onealje01,Jermaine O'Neal,INDIANA PACERS,AWAY,DETROIT PISTONS,LOSS,2488,7,17,0,0,12,16,2,10,0,1,5,2,5,20.2
arenagi01,Gilbert Arenas,WASHINGTON WIZARDS,AWAY,BOSTON CELTICS,WIN,2244,6,16,2,7,9,12,2,3,6,4,0,3,3,19.3
brandel01,Elton Brand,LOS ANGELES CLIPPERS,AWAY,SEATTLE SUPERSONICS,WIN,1587,11,15,0,0,0,0,4,3,0,3,1,2,5,19.3
goodedr01,Drew Gooden,CLEVELAND CAVALIERS,HOME,PHOENIX SUNS,LOSS,2316,9,16,0,1,1,1,8,6,1,1,0,0,4,18.9
duncati01,Tim Duncan,SAN ANTONIO SPURS,AWAY,LOS ANGELES LAKERS,WIN,2563,10,23,0,0,1,2,4,10,9,1,3,3,5,18.7
cassesa01,Sam Cassell,LOS ANGELES CLIPPERS,AWAY,SEATTLE SUPERSONICS,WIN,1177,6,11,5,5,4,4,0,2,7,0,0,1,4,18.6
webbech01,Chris Webber,DETROIT PISTONS,HOME,INDIANA PACERS,WIN,1681,8,14,0,0,1,3,7,6,3,0,3,0,5,18.5
stoudam01,Amar'e Stoudemire,PHOENIX SUNS,AWAY,CLEVELAND CAVALIERS,WIN,2328,8,12,0,0,6,8,2,5,1,0,2,2,2,18.2
patteru01,Ruben Patterson,MILWAUKEE BUCKS,HOME,NEW YORK KNICKS,WIN,1548,8,10,0,1,5,7,3,2,1,1,0,2,3,17.6
tinslja01,Jamaal Tinsley,INDIANA PACERS,AWAY,DETROIT PISTONS,LOSS,2037,7,13,0,1,4,5,1,2,7,4,0,4,3,16.3
odomla01,Lamar Odom,LOS ANGELES LAKERS,HOME,SAN ANTONIO SPURS,LOSS,2825,6,12,2,6,4,10,0,10,6,1,0,0,4,16.2
balkmre01,Renaldo Balkman,NEW YORK KNICKS,AWAY,MILWAUKEE BUCKS,LOSS,1157,6,8,0,1,0,0,5,3,1,4,2,2,3,16.1
wallara01,Rasheed Wallace,DETROIT PISTONS,HOME,INDIANA PACERS,WIN,1805,6,16,1,4,7,7,2,5,0,3,5,3,5,15.6
billuch01,Chauncey Billups,DETROIT PISTONS,HOME,INDIANA PACERS,WIN,2432,3,7,1,1,10,10,1,1,6,0,0,2,4,14.9
haywobr01,Brendan Haywood,WASHINGTON WIZARDS,AWAY,BOSTON CELTICS,WIN,1744,5,6,0,0,1,1,6,3,2,0,2,2,1,14.3
ginobma01,Manu Ginóbili,SAN ANTONIO SPURS,AWAY,LOS ANGELES LAKERS,WIN,1652,5,16,2,8,9,10,1,6,3,0,1,1,4,14.1
butleca01,Caron Butler,WASHINGTON WIZARDS,AWAY,BOSTON CELTICS,WIN,2697,9,18,0,1,3,4,3,8,1,2,0,4,2,14.0
barbole01,Leandro Barbosa,PHOENIX SUNS,AWAY,CLEVELAND CAVALIERS,WIN,1911,6,12,4,9,3,5,1,2,2,2,0,3,0,13.9
mcdyean01,Antonio McDyess,DETROIT PISTONS,HOME,INDIANA PACERS,WIN,1360,4,11,0,0,5,6,7,4,1,1,1,0,3,13.8
bogutan01,Andrew Bogut,MILWAUKEE BUCKS,HOME,NEW YORK KNICKS,WIN,2193,9,16,0,0,0,3,3,6,1,0,0,0,1,13.4
gomesry01,Ryan Gomes,BOSTON CELTICS,HOME,WASHINGTON WIZARDS,LOSS,2299,10,14,0,0,0,0,2,6,1,2,0,6,4,12.5
horryro01,Robert Horry,SAN ANTONIO SPURS,AWAY,LOS ANGELES LAKERS,WIN,1660,2,3,2,3,2,2,6,2,2,0,1,0,4,12.0
hamilri01,Richard Hamilton,DETROIT PISTONS,HOME,INDIANA PACERS,WIN,2609,6,19,0,1,9,10,0,3,2,0,0,0,1,11.6
marbust01,Stephon Marbury,NEW YORK KNICKS,AWAY,MILWAUKEE BUCKS,LOSS,2589,6,13,1,5,2,4,0,1,8,1,0,2,2,11.6
skinnbr01,Brian Skinner,MILWAUKEE BUCKS,HOME,NEW YORK KNICKS,WIN,1973,2,5,0,0,0,0,5,9,4,1,3,0,5,11.4
marshdo01,Donyell Marshall,CLEVELAND CAVALIERS,HOME,PHOENIX SUNS,LOSS,1529,6,9,3,5,0,0,1,4,1,0,0,2,1,11.3
radmavl01,Vladimir Radmanović,LOS ANGELES LAKERS,HOME,SAN ANTONIO SPURS,LOSS,2087,5,9,2,6,1,2,2,7,0,1,0,0,4,11.2
bellra01,Raja Bell,PHOENIX SUNS,AWAY,CLEVELAND CAVALIERS,WIN,2362,6,11,3,4,0,1,1,4,1,0,1,1,3,10.4
kamanch01,Chris Kaman,LOS ANGELES CLIPPERS,AWAY,SEATTLE SUPERSONICS,WIN,1461,3,8,0,0,3,4,2,13,1,1,2,1,4,10.0
thomati01,Tim Thomas,LOS ANGELES CLIPPERS,AWAY,SEATTLE SUPERSONICS,WIN,1261,3,5,1,3,2,2,0,4,4,2,0,2,2,9.9
petrojo01,Johan Petro,SEATTLE SUPERSONICS,HOME,LOS ANGELES CLIPPERS,LOSS,1375,4,11,0,0,3,4,3,4,0,1,4,1,2,9.8
bynuman01,Andrew Bynum,LOS ANGELES LAKERS,HOME,SAN ANTONIO SPURS,LOSS,2618,4,12,0,0,6,8,2,9,3,0,1,2,4,9.7
finlemi01,Michael Finley,SAN ANTONIO SPURS,AWAY,LOS ANGELES LAKERS,WIN,1891,6,16,5,10,0,0,1,5,1,0,0,1,1,9.7
parketo01,Tony Parker,SAN ANTONIO SPURS,AWAY,LOS ANGELES LAKERS,WIN,2537,6,17,0,0,7,7,0,4,2,0,0,2,1,9.7
crawfja01,Jamal Crawford,NEW YORK KNICKS,AWAY,MILWAUKEE BUCKS,LOSS,2607,9,24,3,10,5,7,1,0,4,0,0,4,5,9.5
moblecu01,Cuttino Mobley,LOS ANGELES CLIPPERS,AWAY,SEATTLE SUPERSONICS,WIN,2354,4,11,2,4,0,0,2,3,5,1,0,1,1,9.3
bellch01,Charlie Bell,MILWAUKEE BUCKS,HOME,NEW YORK KNICKS,WIN,2346,5,12,1,4,5,8,0,4,2,1,0,2,3,8.8
allenra02,Ray Allen,SEATTLE SUPERSONICS,HOME,LOS ANGELES CLIPPERS,LOSS,1743,5,11,1,4,4,4,0,3,1,0,0,2,1,8.5
greenge01,Gerald Green,BOSTON CELTICS,HOME,WASHINGTON WIZARDS,LOSS,1943,4,12,1,4,5,5,1,2,0,0,1,1,1,7.8
perkike01,Kendrick Perkins,BOSTON CELTICS,HOME,WASHINGTON WIZARDS,LOSS,1703,2,7,0,0,3,5,3,4,4,0,1,0,4,7.3
curryed01,Eddy Curry,NEW YORK KNICKS,AWAY,MILWAUKEE BUCKS,LOSS,1652,6,9,0,0,3,5,0,4,0,0,0,4,2,6.7
rondora01,Rajon Rondo,BOSTON CELTICS,HOME,WASHINGTON WIZARDS,LOSS,1290,2,6,0,0,5,6,1,2,4,3,0,4,4,6.7
dunlemi02,Mike Dunleavy,INDIANA PACERS,AWAY,DETROIT PISTONS,LOSS,1660,3,6,1,2,2,2,1,0,1,0,1,0,4,6.5
boykiea01,Earl Boykins,MILWAUKEE BUCKS,HOME,NEW YORK KNICKS,WIN,2636,5,12,1,3,2,2,0,2,2,0,0,1,3,6.4
robinna01,Nate Robinson,NEW YORK KNICKS,AWAY,MILWAUKEE BUCKS,LOSS,1438,3,7,1,3,1,3,2,1,4,0,0,0,4,6.4
diawbo01,Boris Diaw,PHOENIX SUNS,AWAY,CLEVELAND CAVALIERS,WIN,1831,2,3,0,0,0,0,0,1,8,0,0,1,4,6.0
murphtr01,Troy Murphy,INDIANA PACERS,AWAY,DETROIT PISTONS,LOSS,1590,3,7,1,1,0,2,5,5,2,0,0,1,5,5.9
collini01,Nick Collison,SEATTLE SUPERSONICS,HOME,LOS ANGELES CLIPPERS,LOSS,1150,3,8,0,0,3,3,3,3,1,0,0,1,4,5.7
livinsh01,Shaun Livingston,LOS ANGELES CLIPPERS,AWAY,SEATTLE SUPERSONICS,WIN,1425,2,6,0,0,0,0,0,2,4,4,1,3,0,5.7
grangda01,Danny Granger,INDIANA PACERS,AWAY,DETROIT PISTONS,LOSS,2505,5,13,2,5,1,2,0,5,1,1,0,2,3,5.5
ewingda01,Daniel Ewing,LOS ANGELES CLIPPERS,AWAY,SEATTLE SUPERSONICS,WIN,831,3,6,2,4,0,0,0,2,1,0,0,1,0,5.3
senesa01,Mouhamed Sene,SEATTLE SUPERSONICS,HOME,LOS ANGELES CLIPPERS,LOSS,707,3,6,0,0,4,8,1,0,0,0,1,1,2,5.0
snower01,Eric Snow,CLEVELAND CAVALIERS,HOME,PHOENIX SUNS,LOSS,776,3,4,0,0,2,2,0,0,1,0,0,1,3,4.9
ilgauzy01,Zydrunas Ilgauskas,CLEVELAND CAVALIERS,HOME,PHOENIX SUNS,LOSS,776,2,4,0,0,0,0,2,0,1,0,1,0,0,4.8
gibsoda01,Daniel Gibson,CLEVELAND CAVALIERS,HOME,PHOENIX SUNS,LOSS,1166,2,5,2,2,0,0,1,2,5,0,0,1,6,4.7
singlja01,James Singleton,LOS ANGELES CLIPPERS,AWAY,SEATTLE SUPERSONICS,WIN,597,1,3,1,2,1,2,1,1,1,1,2,1,1,4.6
wilksmi01,Mike Wilks,SEATTLE SUPERSONICS,HOME,LOS ANGELES CLIPPERS,LOSS,933,2,2,1,1,0,0,2,4,1,0,0,2,3,4.5
jonesja02,James Jones,PHOENIX SUNS,AWAY,CLEVELAND CAVALIERS,WIN,993,2,6,1,5,0,0,0,3,1,1,0,0,0,4.2
wilkida02,Damien Wilkins,SEATTLE SUPERSONICS,HOME,LOS ANGELES CLIPPERS,LOSS,1523,1,5,0,2,4,4,0,1,3,0,1,1,2,4.2
richaqu01,Quentin Richardson,NEW YORK KNICKS,AWAY,MILWAUKEE BUCKS,LOSS,1012,2,5,0,1,0,2,2,5,1,0,0,0,0,4.1
jonesda01,Damon Jones,CLEVELAND CAVALIERS,HOME,PHOENIX SUNS,LOSS,1185,2,6,2,5,1,3,0,1,1,1,0,1,1,3.4
szczewa02,Wally Szczerbiak,BOSTON CELTICS,HOME,WASHINGTON WIZARDS,LOSS,1217,3,12,1,5,2,2,1,2,1,0,0,0,1,3.4
watsoea01,Earl Watson,SEATTLE SUPERSONICS,HOME,LOS ANGELES CLIPPERS,LOSS,1752,1,8,1,4,2,4,1,2,5,2,0,2,1,3.4
princta01,Tayshaun Prince,DETROIT PISTONS,HOME,INDIANA PACERS,WIN,2325,3,7,0,1,0,0,0,2,2,0,0,1,0,3.3
hayesja01,Jarvis Hayes,WASHINGTON WIZARDS,AWAY,BOSTON CELTICS,WIN,539,2,2,0,0,0,0,1,3,0,0,0,1,2,3.2
obertfa01,Fabricio Oberto,SAN ANTONIO SPURS,AWAY,LOS ANGELES LAKERS,WIN,1065,1,2,0,0,0,0,4,2,0,0,0,0,3,3.2
elsonfr01,Francisco Elson,SAN ANTONIO SPURS,AWAY,LOS ANGELES LAKERS,WIN,672,0,0,0,0,0,0,0,3,2,0,1,0,0,3.0
marshra01,Rawle Marshall,INDIANA PACERS,AWAY,DETROIT PISTONS,LOSS,1088,3,7,0,0,1,2,1,0,1,0,1,1,3,2.8
rayal01,Allan Ray,BOSTON CELTICS,HOME,WASHINGTON WIZARDS,LOSS,444,1,3,1,2,0,0,1,0,1,0,0,0,0,2.7
varejan01,Anderson Varejão,CLEVELAND CAVALIERS,HOME,PHOENIX SUNS,LOSS,943,1,2,0,0,2,2,0,4,0,0,1,1,3,2.7
farmajo01,Jordan Farmar,LOS ANGELES LAKERS,HOME,SAN ANTONIO SPURS,LOSS,711,2,6,0,0,0,0,0,1,0,2,0,0,1,2.5
thomaet01,Etan Thomas,WASHINGTON WIZARDS,AWAY,BOSTON CELTICS,WIN,972,2,7,0,0,0,0,4,3,0,0,1,1,2,2.5
gelabmi01,Mickaël Gelabale,SEATTLE SUPERSONICS,HOME,LOS ANGELES CLIPPERS,LOSS,1507,1,6,0,3,3,4,1,3,1,1,0,1,2,2.3
stevede01,DeShawn Stevenson,WASHINGTON WIZARDS,AWAY,BOSTON CELTICS,WIN,1144,2,8,0,1,0,0,0,1,5,1,0,1,2,2.2
banksma01,Marcus Banks,PHOENIX SUNS,AWAY,CLEVELAND CAVALIERS,WIN,369,2,4,0,1,0,0,0,0,0,1,0,1,0,2.0
fosteje01,Jeff Foster,INDIANA PACERS,AWAY,DETROIT PISTONS,LOSS,1399,1,3,0,0,0,0,2,7,0,0,0,1,2,2.0
jamesje01,Jerome James,NEW YORK KNICKS,AWAY,MILWAUKEE BUCKS,LOSS,305,0,1,0,0,2,2,0,1,0,0,1,0,1,1.9
fryech01,Channing Frye,NEW YORK KNICKS,AWAY,MILWAUKEE BUCKS,LOSS,903,2,6,0,0,0,0,0,2,1,0,1,0,2,1.8
cookbr01,Brian Cook,LOS ANGELES LAKERS,HOME,SAN ANTONIO SPURS,LOSS,382,1,1,0,0,0,0,0,0,0,0,0,0,0,1.7
daniean01,Antonio Daniels,WASHINGTON WIZARDS,AWAY,BOSTON CELTICS,WIN,854,2,4,0,0,0,0,0,1,0,0,1,1,1,1.6
willish03,Shawne Williams,INDIANA PACERS,AWAY,DETROIT PISTONS,LOSS,421,1,2,0,1,0,0,1,2,2,0,0,2,1,1.3
bowenbr01,Bruce Bowen,SAN ANTONIO SPURS,AWAY,LOS ANGELES LAKERS,WIN,2077,2,8,1,4,0,0,0,3,1,2,0,1,4,1.2
rosema01,Malik Rose,NEW YORK KNICKS,AWAY,MILWAUKEE BUCKS,LOSS,451,0,0,0,0,0,0,0,1,1,0,0,0,0,1.0
armstda01,Darrell Armstrong,INDIANA PACERS,AWAY,DETROIT PISTONS,LOSS,942,1,4,1,3,0,0,0,2,2,0,0,1,2,0.8
collima01,Mardy Collins,NEW YORK KNICKS,AWAY,MILWAUKEE BUCKS,LOSS,3,0,0,0,0,0,0,0,0,1,0,0,0,0,0.7
brownan01,Andre Brown,SEATTLE SUPERSONICS,HOME,LOS ANGELES CLIPPERS,LOSS,558,1,5,0,0,0,0,2,3,1,0,0,1,1,0.5
powele01,Leon Powe,BOSTON CELTICS,HOME,WASHINGTON WIZARDS,LOSS,102,0,0,0,0,0,0,0,1,0,0,0,0,0,0.3
telfase01,Sebastian Telfair,BOSTON CELTICS,HOME,WASHINGTON WIZARDS,LOSS,229,0,1,0,0,0,0,0,0,0,1,0,0,0,0.3
noelda01,David Noel,MILWAUKEE BUCKS,HOME,NEW YORK KNICKS,WIN,237,0,0,0,0,0,0,0,2,0,0,0,0,1,0.2
turiaro01,Ronny Turiaf,LOS ANGELES LAKERS,HOME,SAN ANTONIO SPURS,LOSS,562,0,0,0,0,0,2,0,2,1,0,0,0,1,0.1
blatcan01,Andray Blatche,WASHINGTON WIZARDS,AWAY,BOSTON CELTICS,WIN,103,0,0,0,0,0,0,0,0,0,0,0,0,0,0.0
davispa01,Paul Davis,LOS ANGELES CLIPPERS,AWAY,SEATTLE SUPERSONICS,WIN,825,0,2,0,0,0,0,1,1,1,0,0,0,1,-0.1
parkesm01,Smush Parker,LOS ANGELES LAKERS,HOME,SAN ANTONIO SPURS,LOSS,2469,4,12,1,2,1,2,1,2,0,2,0,5,3,-0.1
taylodo01,Donell Taylor,WASHINGTON WIZARDS,AWAY,BOSTON CELTICS,WIN,510,0,1,0,0,0,0,0,2,2,1,0,2,1,-0.1
maggeco01,Corey Maggette,LOS ANGELES CLIPPERS,AWAY,SEATTLE SUPERSONICS,WIN,1658,3,15,0,2,4,4,0,9,2,1,0,4,5,-0.2
masonro01,Roger Mason,WASHINGTON WIZARDS,AWAY,BOSTON CELTICS,WIN,1111,0,3,0,2,0,0,1,2,2,0,0,0,2,-0.2
scalabr01,Brian Scalabrine,BOSTON CELTICS,HOME,WASHINGTON WIZARDS,LOSS,250,0,0,0,0,0,0,0,0,0,0,1,1,0,-0.3
olowomi01,Michael Olowokandi,BOSTON CELTICS,HOME,WASHINGTON WIZARDS,LOSS,382,0,1,0,0,0,0,0,0,0,0,1,0,1,-0.4
vujacsa01,Sasha Vujačić,LOS ANGELES LAKERS,HOME,SAN ANTONIO SPURS,LOSS,571,0,0,0,0,0,0,0,0,0,0,0,0,1,-0.4
rossqu01,Quinton Ross,LOS ANGELES CLIPPERS,AWAY,SEATTLE SUPERSONICS,WIN,1224,0,2,0,0,1,2,1,0,2,0,0,1,2,-0.5
dioguik01,Ike Diogu,INDIANA PACERS,AWAY,DETROIT PISTONS,LOSS,270,0,1,0,0,0,0,0,0,0,0,0,0,0,-0.7
ilyaser01,Ersan İlyasova,MILWAUKEE BUCKS,HOME,NEW YORK KNICKS,WIN,96,0,1,0,1,0,0,0,0,0,0,0,0,0,-0.7
villach01,Charlie Villanueva,MILWAUKEE BUCKS,HOME,NEW YORK KNICKS,WIN,964,2,5,1,2,0,0,1,3,0,0,0,3,4,-0.7
evansma01,Maurice Evans,LOS ANGELES LAKERS,HOME,SAN ANTONIO SPURS,LOSS,865,0,5,0,0,2,2,0,2,0,0,0,0,0,-0.9
hunteli01,Lindsey Hunter,DETROIT PISTONS,HOME,INDIANA PACERS,WIN,586,0,2,0,0,0,0,0,1,0,0,0,0,0,-1.1
maxieja01,Jason Maxiell,DETROIT PISTONS,HOME,INDIANA PACERS,WIN,551,0,3,0,0,1,2,0,1,1,1,0,0,4,-1.1
barrybr01,Brent Barry,SAN ANTONIO SPURS,AWAY,LOS ANGELES LAKERS,WIN,1139,0,4,0,3,1,1,0,1,1,1,0,1,1,-1.2
delfica01,Carlos Delfino,DETROIT PISTONS,HOME,INDIANA PACERS,WIN,704,0,0,0,0,0,0,0,0,0,0,0,1,1,-1.4
udrihbe01,Beno Udrih,SAN ANTONIO SPURS,AWAY,LOS ANGELES LAKERS,WIN,417,0,3,0,1,2,2,0,1,0,0,0,1,2,-1.6
wilcoch01,Chris Wilcox,SEATTLE SUPERSONICS,HOME,LOS ANGELES CLIPPERS,LOSS,1458,3,6,0,0,0,2,0,2,0,0,0,4,1,-1.6
davisda01,Dale Davis,DETROIT PISTONS,HOME,INDIANA PACERS,WIN,347,0,2,0,0,0,0,1,0,1,0,0,1,2,-1.8
wesleda01,David Wesley,CLEVELAND CAVALIERS,HOME,PHOENIX SUNS,LOSS,933,0,3,0,3,0,0,0,4,1,0,0,1,2,-2.0
jeffrja01,Jared Jeffries,NEW YORK KNICKS,AWAY,MILWAUKEE BUCKS,LOSS,153,0,1,0,0,0,0,0,1,0,0,0,1,2,-2.2
vaughja01,Jacque Vaughn,SAN ANTONIO SPURS,AWAY,LOS ANGELES LAKERS,WIN,226,0,3,0,0,0,0,0,0,0,1,0,1,1,-2.5
jeffeal01,Al Jefferson,BOSTON CELTICS,HOME,WASHINGTON WIZARDS,LOSS,2043,3,12,0,0,1,2,2,6,0,1,0,5,3,-2.6
hughela01,Larry Hughes,CLEVELAND CAVALIERS,HOME,PHOENIX SUNS,LOSS,2252,3,13,1,4,0,0,0,0,2,1,0,3,3,-2.7
ridnolu01,Luke Ridnour,SEATTLE SUPERSONICS,HOME,LOS ANGELES CLIPPERS,LOSS,1694,1,8,0,1,0,0,0,3,1,0,0,1,1,-3.0
