slug,name,team,location,opponent,outcome,seconds_played,made_field_goals,attempted_field_goals,made_three_point_field_goals,attempted_three_point_field_goals,made_free_throws,attempted_free_throws,offensive_rebounds,defensive_rebounds,assists,steals,blocks,turnovers,personal_fouls,game_score
howardw01,Dwight Howard,ORLANDO MAGIC,HOME,CHARLOTTE BOBCATS,WIN,2801,16,23,0,0,13,18,8,11,0,1,8,5,5,41.8
westda01,David West,NEW ORLEANS HORNETS,AWAY,OKLAHOMA CITY THUNDER,WIN,2436,13,20,0,0,11,12,3,10,3,0,1,2,2,32.9
duranke01,Kevin Durant,OKLAHOMA CITY THUNDER,HOME,NEW ORLEANS HORNETS,LOSS,2588,16,27,4,6,11,13,0,3,2,0,0,2,3,32.8
barbole01,Leandro Barbosa,PHOENIX SUNS,HOME,LOS ANGELES CLIPPERS,WIN,1671,9,12,3,4,3,3,1,6,5,5,0,2,1,27.8
jefferi01,Richard Jefferson,MILWAUKEE BUCKS,AWAY,DETROIT PISTONS,WIN,2443,8,13,4,5,9,11,1,4,5,0,0,1,0,26.7
robinna01,Nate Robinson,NEW YORK KNICKS,HOME,SAN ANTONIO SPURS,WIN,2299,13,23,4,8,2,3,3,7,3,1,0,1,2,26.2
mcdyean01,Antonio McDyess,DETROIT PISTONS,HOME,MILWAUKEE BUCKS,LOSS,2456,11,15,0,0,2,3,3,11,2,0,2,1,3,23.5
odomla01,Lamar Odom,LOS ANGELES LAKERS,HOME,ATLANTA HAWKS,WIN,2029,6,11,1,3,2,4,7,13,5,2,2,2,4,21.0
gasolpa01,Pau Gasol,LOS ANGELES LAKERS,HOME,ATLANTA HAWKS,WIN,1854,6,10,0,0,0,0,4,9,10,0,2,0,2,20.5
cartevi01,Vince Carter,NEW JERSEY NETS,AWAY,HOUSTON ROCKETS,LOSS,2086,11,21,2,2,6,7,0,4,2,1,1,3,1,20.2
feltora01,Raymond Felton,CHARLOTTE BOBCATS,AWAY,ORLANDO MAGIC,LOSS,2534,10,21,1,2,1,2,4,6,5,1,0,0,0,20.0
milescj01,C.J. Miles,UTAH JAZZ,HOME,MEMPHIS GRIZZLIES,WIN,2193,9,15,2,3,4,4,2,1,2,1,0,0,3,20.0
stoudam01,Amar'e Stoudemire,PHOENIX SUNS,HOME,LOS ANGELES CLIPPERS,WIN,1220,9,12,0,0,5,7,3,2,3,0,0,1,3,20.0
paulch01,Chris Paul,NEW ORLEANS HORNETS,AWAY,OKLAHOMA CITY THUNDER,WIN,2218,9,18,2,5,1,2,1,2,8,3,0,1,2,19.7
battish01,Shane Battier,HOUSTON ROCKETS,HOME,NEW JERSEY NETS,WIN,1872,5,8,5,7,4,6,0,9,1,1,2,1,0,19.4
millspa01,Paul Millsap,UTAH JAZZ,HOME,MEMPHIS GRIZZLIES,WIN,1871,6,11,0,0,6,6,3,5,2,1,4,1,3,19.3
lopezbr01,Brook Lopez,NEW JERSEY NETS,AWAY,HOUSTON ROCKETS,LOSS,1739,9,14,0,0,3,3,0,9,3,1,4,3,3,19.2
willide01,Deron Williams,UTAH JAZZ,HOME,MEMPHIS GRIZZLIES,WIN,2357,7,18,1,3,5,5,0,1,15,2,0,4,0,19.0
jamisan01,Antawn Jamison,WASHINGTON WIZARDS,HOME,MINNESOTA TIMBERWOLVES,WIN,2457,10,17,0,1,9,11,3,8,2,0,0,6,4,18.6
duncati01,Tim Duncan,SAN ANTONIO SPURS,AWAY,NEW YORK KNICKS,LOSS,2366,8,16,0,1,10,13,2,13,5,0,2,7,4,18.4
duhonch01,Chris Duhon,NEW YORK KNICKS,HOME,SAN ANTONIO SPURS,WIN,2772,7,9,1,3,2,3,1,3,8,1,0,3,1,17.9
millemi01,Mike Miller,MINNESOTA TIMBERWOLVES,AWAY,WASHINGTON WIZARDS,LOSS,2234,6,12,2,7,4,5,1,7,6,1,2,2,3,17.8
iguodan01,Andre Iguodala,PHILADELPHIA 76ERS,AWAY,INDIANA PACERS,LOSS,2546,8,18,0,0,4,5,1,4,9,2,0,2,2,17.6
greenje02,Jeff Green,OKLAHOMA CITY THUNDER,HOME,NEW ORLEANS HORNETS,LOSS,2527,9,17,1,4,5,7,4,3,1,2,0,3,3,17.1
butleca01,Caron Butler,WASHINGTON WIZARDS,HOME,MINNESOTA TIMBERWOLVES,WIN,2290,7,14,1,3,2,2,1,4,6,3,0,1,3,16.9
milicda01,Darko Miličić,MEMPHIS GRIZZLIES,AWAY,UTAH JAZZ,LOSS,1433,6,7,0,0,3,5,3,7,3,0,1,1,2,16.9
brewero02,Ronnie Brewer,UTAH JAZZ,HOME,MEMPHIS GRIZZLIES,WIN,1898,6,9,1,3,6,6,1,5,0,1,0,1,2,16.5
loveke01,Kevin Love,MINNESOTA TIMBERWOLVES,AWAY,WASHINGTON WIZARDS,LOSS,1732,3,7,0,0,11,12,4,7,0,0,1,1,4,15.9
hillgr01,Grant Hill,PHOENIX SUNS,HOME,LOS ANGELES CLIPPERS,WIN,1389,10,13,0,0,0,0,0,3,3,0,0,1,3,15.7
kirilan01,Andrei Kirilenko,UTAH JAZZ,HOME,MEMPHIS GRIZZLIES,WIN,1051,5,6,0,0,4,4,0,1,1,3,1,1,0,15.5
mingya01,Yao Ming,HOUSTON ROCKETS,HOME,NEW JERSEY NETS,WIN,1939,9,15,0,0,2,3,2,10,3,0,2,4,3,15.4
wafervo01,Von Wafer,HOUSTON ROCKETS,HOME,NEW JERSEY NETS,WIN,1659,5,12,4,6,5,6,0,2,1,2,0,0,1,15.1
gordoer01,Eric Gordon,LOS ANGELES CLIPPERS,AWAY,PHOENIX SUNS,LOSS,2152,8,16,3,5,5,6,0,0,2,1,1,3,2,14.9
youngth01,Thaddeus Young,PHILADELPHIA 76ERS,AWAY,INDIANA PACERS,LOSS,2590,7,14,1,3,1,3,4,5,0,3,0,0,2,14.7
grangda01,Danny Granger,INDIANA PACERS,HOME,PHILADELPHIA 76ERS,WIN,2236,7,17,2,7,4,5,0,10,4,0,4,3,4,14.5
foyera01,Randy Foye,MINNESOTA TIMBERWOLVES,AWAY,WASHINGTON WIZARDS,LOSS,2480,9,21,0,4,5,6,2,2,4,1,0,2,3,14.1
gayru01,Rudy Gay,MEMPHIS GRIZZLIES,AWAY,UTAH JAZZ,LOSS,2130,6,12,0,1,6,8,3,3,2,1,1,3,1,13.9
masonro01,Roger Mason,SAN ANTONIO SPURS,AWAY,NEW YORK KNICKS,LOSS,2721,7,17,3,9,3,3,1,5,2,0,0,0,3,13.3
nashst01,Steve Nash,PHOENIX SUNS,HOME,LOS ANGELES CLIPPERS,WIN,1496,2,4,0,2,4,4,0,1,10,1,0,1,0,13.3
leeda02,David Lee,NEW YORK KNICKS,HOME,SAN ANTONIO SPURS,WIN,1803,6,13,0,0,1,2,2,10,4,3,0,1,6,12.7
elsonfr01,Francisco Elson,MILWAUKEE BUCKS,AWAY,DETROIT PISTONS,WIN,1689,2,4,0,0,4,4,2,3,1,2,4,0,3,12.6
onealsh01,Shaquille O'Neal,PHOENIX SUNS,HOME,LOS ANGELES CLIPPERS,WIN,1273,6,6,0,0,3,3,0,8,1,0,0,3,2,12.5
allenma01,Malik Allen,MILWAUKEE BUCKS,AWAY,DETROIT PISTONS,WIN,1664,7,12,0,1,0,0,3,5,1,0,0,0,1,12.3
lewisra02,Rashard Lewis,ORLANDO MAGIC,HOME,CHARLOTTE BOBCATS,WIN,2349,5,14,3,8,4,5,1,5,4,1,1,2,3,12.3
artesro01,Metta World Peace,HOUSTON ROCKETS,HOME,NEW JERSEY NETS,WIN,1866,7,14,2,7,2,2,0,1,2,0,0,0,1,12.3
okafoem01,Emeka Okafor,CHARLOTTE BOBCATS,AWAY,ORLANDO MAGIC,LOSS,2112,6,14,0,0,2,4,4,5,1,4,1,1,6,12.1
sessira01,Ramon Sessions,MILWAUKEE BUCKS,AWAY,DETROIT PISTONS,WIN,2503,6,17,0,1,5,8,1,8,7,0,0,1,3,12.1
alstora01,Rafer Alston,HOUSTON ROCKETS,HOME,NEW JERSEY NETS,WIN,1866,3,10,3,5,0,0,1,4,11,3,0,3,2,12.0
fordtj01,T.J. Ford,INDIANA PACERS,HOME,PHILADELPHIA 76ERS,WIN,1775,5,14,0,2,4,4,1,3,7,1,0,1,2,11.9
hamilri01,Richard Hamilton,DETROIT PISTONS,HOME,MILWAUKEE BUCKS,LOSS,1922,7,19,1,3,7,7,0,0,4,0,0,2,1,11.9
jackja01,Jarrett Jack,INDIANA PACERS,HOME,PHILADELPHIA 76ERS,WIN,2248,5,8,1,3,1,2,2,4,3,1,0,1,2,11.9
krstine01,Nenad Krstić,OKLAHOMA CITY THUNDER,HOME,NEW ORLEANS HORNETS,LOSS,1876,3,6,0,0,1,1,4,6,2,2,1,0,2,11.9
princta01,Tayshaun Prince,DETROIT PISTONS,HOME,MILWAUKEE BUCKS,LOSS,1774,4,8,2,2,0,0,0,7,8,0,0,2,0,11.7
thomaku01,Kurt Thomas,SAN ANTONIO SPURS,AWAY,NEW YORK KNICKS,LOSS,947,6,7,0,0,0,0,1,5,0,0,0,0,0,11.7
conlemi01,Mike Conley,MEMPHIS GRIZZLIES,AWAY,UTAH JAZZ,LOSS,1781,5,9,2,3,1,1,1,3,4,2,0,3,2,11.3
crittja01,Javaris Crittenton,WASHINGTON WIZARDS,HOME,MINNESOTA TIMBERWOLVES,WIN,1455,4,6,0,0,3,4,1,3,4,0,1,1,2,11.3
pachuza01,Zaza Pachulia,ATLANTA HAWKS,AWAY,LOS ANGELES LAKERS,LOSS,1563,4,9,0,0,0,0,6,6,3,1,1,1,2,11.3
jamesmi01,Mike James,WASHINGTON WIZARDS,HOME,MINNESOTA TIMBERWOLVES,WIN,1628,4,10,4,6,3,4,0,0,4,0,0,0,2,11.2
westma02,Mario West,ATLANTA HAWKS,AWAY,LOS ANGELES LAKERS,LOSS,402,1,1,0,0,5,8,2,2,0,5,0,1,1,11.1
cardibr01,Brian Cardinal,MINNESOTA TIMBERWOLVES,AWAY,WASHINGTON WIZARDS,LOSS,993,1,1,1,1,4,4,0,3,2,3,0,1,1,10.6
mcguido01,Dominic McGuire,WASHINGTON WIZARDS,HOME,MINNESOTA TIMBERWOLVES,WIN,2016,3,6,0,1,2,2,1,9,3,0,2,1,1,10.5
evansre01,Reggie Evans,PHILADELPHIA 76ERS,AWAY,INDIANA PACERS,LOSS,1242,1,4,0,0,6,8,5,6,0,1,1,1,1,10.4
blatcan01,Andray Blatche,WASHINGTON WIZARDS,HOME,MINNESOTA TIMBERWOLVES,WIN,1622,5,10,0,2,4,6,3,4,2,2,0,3,4,10.3
iversal01,Allen Iverson,DETROIT PISTONS,HOME,MILWAUKEE BUCKS,LOSS,2539,4,13,0,0,2,3,2,3,8,3,1,3,1,10.3
chandwi01,Wilson Chandler,NEW YORK KNICKS,HOME,SAN ANTONIO SPURS,WIN,2112,7,14,2,5,1,2,0,2,0,1,2,2,1,10.2
fishede01,Derek Fisher,LOS ANGELES LAKERS,HOME,ATLANTA HAWKS,WIN,1547,6,10,2,5,0,0,1,1,3,0,0,2,1,10.1
songada01,Darius Songaila,WASHINGTON WIZARDS,HOME,MINNESOTA TIMBERWOLVES,WIN,1255,5,7,0,0,2,2,1,3,1,1,1,1,5,10.1
bellra01,Raja Bell,CHARLOTTE BOBCATS,AWAY,ORLANDO MAGIC,LOSS,2492,4,10,1,2,4,5,2,4,4,1,0,2,4,10.0
butlera01,Rasual Butler,NEW ORLEANS HORNETS,AWAY,OKLAHOMA CITY THUNDER,WIN,2090,5,11,2,5,0,0,1,7,1,1,2,1,3,10.0
amundlo01,Lou Amundson,PHOENIX SUNS,HOME,LOS ANGELES CLIPPERS,WIN,1204,6,8,0,0,1,2,3,5,0,0,1,3,2,9.9
telfase01,Sebastian Telfair,MINNESOTA TIMBERWOLVES,AWAY,WASHINGTON WIZARDS,LOSS,2007,5,10,1,3,0,0,2,1,3,1,1,0,4,9.9
murphtr01,Troy Murphy,INDIANA PACERS,HOME,PHILADELPHIA 76ERS,WIN,1762,7,10,2,3,1,2,2,5,0,0,0,4,4,9.7
augusdj01,D.J. Augustin,CHARLOTTE BOBCATS,AWAY,ORLANDO MAGIC,LOSS,891,5,7,1,1,0,0,0,0,3,1,0,1,2,9.4
arizatr01,Trevor Ariza,LOS ANGELES LAKERS,HOME,ATLANTA HAWKS,WIN,1188,4,10,0,2,2,2,3,2,2,1,1,1,1,9.0
redicjj01,J.J. Redick,ORLANDO MAGIC,HOME,CHARLOTTE BOBCATS,WIN,1189,3,5,2,3,2,2,0,1,2,1,0,1,1,9.0
scolalu01,Luis Scola,HOUSTON ROCKETS,HOME,NEW JERSEY NETS,WIN,1862,3,9,0,0,4,4,4,7,4,0,0,2,4,9.0
smithjo03,Josh Smith,ATLANTA HAWKS,AWAY,LOS ANGELES LAKERS,LOSS,1553,6,11,0,0,1,3,0,0,2,1,1,0,3,8.8
willilo02,Lou Williams,PHILADELPHIA 76ERS,AWAY,INDIANA PACERS,LOSS,1420,7,16,0,4,3,5,1,2,1,1,0,2,0,8.8
willima02,Marvin Williams,ATLANTA HAWKS,AWAY,LOS ANGELES LAKERS,LOSS,2109,3,9,1,3,3,5,1,2,2,2,2,1,1,8.8
gasolma01,Marc Gasol,MEMPHIS GRIZZLIES,AWAY,UTAH JAZZ,LOSS,1264,4,7,0,0,4,4,1,3,1,0,1,1,5,8.7
barnema02,Matt Barnes,PHOENIX SUNS,HOME,LOS ANGELES CLIPPERS,WIN,1410,3,9,0,5,0,0,2,7,6,2,0,2,0,8.6
dudleja01,Jared Dudley,PHOENIX SUNS,HOME,LOS ANGELES CLIPPERS,WIN,1424,3,8,0,0,0,2,3,5,2,5,0,1,3,8.6
mayooj01,O.J. Mayo,MEMPHIS GRIZZLIES,AWAY,UTAH JAZZ,LOSS,2173,5,13,1,3,7,8,2,1,2,1,0,5,3,8.4
diopde01,DeSagana Diop,CHARLOTTE BOBCATS,AWAY,ORLANDO MAGIC,LOSS,1063,3,5,0,0,0,2,5,2,1,1,2,0,5,8.1
farmajo01,Jordan Farmar,LOS ANGELES LAKERS,HOME,ATLANTA HAWKS,WIN,1150,5,8,0,1,0,2,3,3,2,0,0,2,0,8.0
bowenbr01,Bruce Bowen,SAN ANTONIO SPURS,AWAY,NEW YORK KNICKS,LOSS,1849,3,5,2,3,0,0,1,3,1,0,1,0,2,7.9
horfoal01,Al Horford,ATLANTA HAWKS,AWAY,LOS ANGELES LAKERS,LOSS,1322,2,6,0,0,2,2,2,5,1,3,0,1,1,7.8
turkohe01,Hedo Türkoğlu,ORLANDO MAGIC,HOME,CHARLOTTE BOBCATS,WIN,2262,3,13,0,2,7,9,1,4,7,1,1,3,5,7.8
collima01,Mardy Collins,LOS ANGELES CLIPPERS,AWAY,PHOENIX SUNS,LOSS,797,3,5,2,2,2,2,0,0,2,1,0,2,1,7.7
dragigo01,Goran Dragić,PHOENIX SUNS,HOME,LOS ANGELES CLIPPERS,WIN,1384,4,6,1,1,3,4,1,3,2,0,0,4,2,7.2
hibbero01,Roy Hibbert,INDIANA PACERS,HOME,PHILADELPHIA 76ERS,WIN,1182,6,11,0,0,2,2,3,2,0,0,0,3,3,7.2
parketo01,Tony Parker,SAN ANTONIO SPURS,AWAY,NEW YORK KNICKS,LOSS,2562,5,20,0,1,4,4,2,1,7,2,0,3,1,7.2
collija03,Jarron Collins,UTAH JAZZ,HOME,MEMPHIS GRIZZLIES,WIN,1462,4,8,0,0,0,0,6,1,1,0,0,1,3,7.0
gomesry01,Ryan Gomes,MINNESOTA TIMBERWOLVES,AWAY,WASHINGTON WIZARDS,LOSS,1790,6,18,1,4,2,2,2,3,1,1,0,1,2,7.0
warriha01,Hakim Warrick,MEMPHIS GRIZZLIES,AWAY,UTAH JAZZ,LOSS,1724,3,4,0,0,2,2,2,1,0,0,1,1,2,7.0
wallara01,Rasheed Wallace,DETROIT PISTONS,HOME,MILWAUKEE BUCKS,LOSS,2058,4,11,0,5,2,2,1,7,0,0,2,0,3,6.9
davisri01,Ricky Davis,LOS ANGELES CLIPPERS,AWAY,PHOENIX SUNS,LOSS,2070,3,9,2,5,2,2,0,2,3,1,2,2,3,6.8
simmobo01,Bobby Simmons,NEW JERSEY NETS,AWAY,HOUSTON ROCKETS,LOSS,979,3,3,3,3,0,0,0,1,0,0,0,0,4,6.8
mbahalu01,Luc Mbah a Moute,MILWAUKEE BUCKS,AWAY,DETROIT PISTONS,WIN,1834,3,6,0,0,1,2,1,6,0,2,0,1,1,6.7
arthuda01,Darrell Arthur,MEMPHIS GRIZZLIES,AWAY,UTAH JAZZ,LOSS,1005,4,8,0,0,2,2,1,2,0,0,1,0,4,6.4
dalemsa01,Samuel Dalembert,PHILADELPHIA 76ERS,AWAY,INDIANA PACERS,LOSS,1488,3,5,0,0,0,0,3,6,1,0,1,1,4,6.4
millean02,Andre Miller,PHILADELPHIA 76ERS,AWAY,INDIANA PACERS,LOSS,2188,2,10,0,1,2,3,3,2,6,1,1,1,2,6.2
bonnema01,Matt Bonner,SAN ANTONIO SPURS,AWAY,NEW YORK KNICKS,LOSS,2035,4,9,2,4,0,0,2,6,1,0,1,3,2,6.1
jordade01,DeAndre Jordan,LOS ANGELES CLIPPERS,AWAY,PHOENIX SUNS,LOSS,1298,2,3,0,0,1,1,1,6,0,1,3,2,3,6.1
poseyja01,James Posey,NEW ORLEANS HORNETS,AWAY,OKLAHOMA CITY THUNDER,WIN,1700,4,10,1,6,0,0,0,2,2,1,1,0,3,6.1
ackeral01,Alex Acker,LOS ANGELES CLIPPERS,AWAY,PHOENIX SUNS,LOSS,720,3,6,2,2,2,2,1,1,0,0,0,2,0,6.0
daniema01,Marquis Daniels,INDIANA PACERS,HOME,PHILADELPHIA 76ERS,WIN,1642,5,12,0,0,1,2,1,5,1,1,1,2,2,6.0
bibbymi01,Mike Bibby,ATLANTA HAWKS,AWAY,LOS ANGELES LAKERS,LOSS,1645,4,10,1,3,0,0,0,2,1,1,0,0,0,5.9
dienetr01,Travis Diener,INDIANA PACERS,HOME,PHILADELPHIA 76ERS,WIN,1105,2,3,0,1,0,0,1,6,5,0,0,2,2,5.9
leeco01,Courtney Lee,ORLANDO MAGIC,HOME,CHARLOTTE BOBCATS,WIN,1968,2,6,1,1,2,2,0,4,1,2,0,1,2,5.7
johnsjo02,Joe Johnson,ATLANTA HAWKS,AWAY,LOS ANGELES LAKERS,LOSS,1817,6,17,0,4,2,3,2,1,5,1,0,4,2,5.5
nestera01,Rasho Nesterović,INDIANA PACERS,HOME,PHILADELPHIA 76ERS,WIN,1279,4,5,0,0,0,0,0,2,0,1,2,2,4,5.5
stojape01,Peja Stojaković,NEW ORLEANS HORNETS,AWAY,OKLAHOMA CITY THUNDER,WIN,2151,4,10,3,7,0,0,0,5,1,0,0,2,1,5.4
brookaa01,Aaron Brooks,HOUSTON ROCKETS,HOME,NEW JERSEY NETS,WIN,1175,4,8,0,1,0,0,1,1,3,1,0,2,2,5.3
greenwi01,Willie Green,PHILADELPHIA 76ERS,AWAY,INDIANA PACERS,LOSS,1734,6,16,0,3,3,5,0,2,1,1,0,2,1,5.3
landrca01,Carl Landry,HOUSTON ROCKETS,HOME,NEW JERSEY NETS,WIN,593,2,7,0,0,2,2,4,3,0,0,0,0,1,5.2
weaveky01,Kyle Weaver,OKLAHOMA CITY THUNDER,HOME,NEW ORLEANS HORNETS,LOSS,1958,2,7,1,4,0,0,2,4,3,0,2,1,2,5.2
diawbo01,Boris Diaw,CHARLOTTE BOBCATS,AWAY,ORLANDO MAGIC,LOSS,1945,7,15,0,2,0,2,1,6,1,0,0,2,4,5.1
harride01,Devin Harris,NEW JERSEY NETS,AWAY,HOUSTON ROCKETS,LOSS,2156,4,13,1,3,1,2,0,2,4,2,0,2,1,5.1
johnsan02,Anthony Johnson,ORLANDO MAGIC,HOME,CHARLOTTE BOBCATS,WIN,1817,2,4,1,2,0,0,1,3,3,0,0,1,2,4.9
novakst01,Steve Novak,LOS ANGELES CLIPPERS,AWAY,PHOENIX SUNS,LOSS,1677,4,12,2,8,0,0,0,4,1,1,0,0,3,4.9
jianlyi01,Yi Jianlian,NEW JERSEY NETS,AWAY,HOUSTON ROCKETS,LOSS,913,2,5,1,1,0,0,1,5,0,0,1,0,1,4.8
jonesso01,Solomon Jones,ATLANTA HAWKS,AWAY,LOS ANGELES LAKERS,LOSS,961,3,5,0,0,1,2,2,1,0,0,2,1,4,4.8
radmavl01,Vladimir Radmanović,CHARLOTTE BOBCATS,AWAY,ORLANDO MAGIC,LOSS,1519,5,11,2,6,0,0,1,3,1,0,0,3,2,4.8
vujacsa01,Sasha Vujačić,LOS ANGELES LAKERS,HOME,ATLANTA HAWKS,WIN,1033,2,7,2,4,0,0,0,1,1,3,0,0,3,4.7
waltolu01,Luke Walton,LOS ANGELES LAKERS,HOME,ATLANTA HAWKS,WIN,1402,4,8,0,1,0,0,2,1,3,0,0,2,3,4.6
knighbr01,Brevin Knight,UTAH JAZZ,HOME,MEMPHIS GRIZZLIES,WIN,465,1,1,0,0,2,2,0,1,1,1,0,0,3,4.5
luety01,Tyronn Lue,ORLANDO MAGIC,HOME,CHARLOTTE BOBCATS,WIN,983,2,6,1,3,0,1,0,4,3,0,0,0,0,4.5
harrial01,Al Harrington,NEW YORK KNICKS,HOME,SAN ANTONIO SPURS,WIN,2039,3,11,0,3,5,8,3,7,1,1,0,4,2,4.4
barrybr01,Brent Barry,HOUSTON ROCKETS,HOME,NEW JERSEY NETS,WIN,921,1,3,1,3,0,0,1,3,2,1,0,1,0,4.3
marksse01,Sean Marks,NEW ORLEANS HORNETS,AWAY,OKLAHOMA CITY THUNDER,WIN,1508,2,3,0,0,2,3,1,4,0,1,1,2,4,4.3
westbru01,Russell Westbrook,OKLAHOMA CITY THUNDER,HOME,NEW ORLEANS HORNETS,LOSS,2029,5,15,0,3,2,2,1,4,4,0,0,2,5,4.2
bryanko01,Kobe Bryant,LOS ANGELES LAKERS,HOME,ATLANTA HAWKS,WIN,1720,4,12,2,4,0,0,2,2,2,0,2,4,0,4.0
anderry01,Ryan Anderson,NEW JERSEY NETS,AWAY,HOUSTON ROCKETS,LOSS,1472,2,4,1,3,0,0,0,1,1,1,0,0,3,3.8
carnero01,Rodney Carney,MINNESOTA TIMBERWOLVES,AWAY,WASHINGTON WIZARDS,LOSS,1092,3,8,1,4,0,0,1,2,0,1,1,1,2,3.8
jonesfr01,Fred Jones,LOS ANGELES CLIPPERS,AWAY,PHOENIX SUNS,LOSS,1685,4,7,2,3,0,1,0,0,3,2,0,5,4,3.8
finlemi01,Michael Finley,SAN ANTONIO SPURS,AWAY,NEW YORK KNICKS,LOSS,1968,4,13,0,5,1,1,2,2,2,0,0,0,3,3.7
lopezro01,Robin Lopez,PHOENIX SUNS,HOME,LOS ANGELES CLIPPERS,WIN,720,2,3,0,0,1,2,0,3,1,1,0,1,3,3.7
johnsam01,Amir Johnson,DETROIT PISTONS,HOME,MILWAUKEE BUCKS,LOSS,825,1,1,0,0,0,0,1,2,0,0,2,0,2,3.6
afflaar01,Arron Afflalo,DETROIT PISTONS,HOME,MILWAUKEE BUCKS,LOSS,436,2,3,1,2,0,0,0,2,0,0,0,0,2,3.5
davisba01,Baron Davis,LOS ANGELES CLIPPERS,AWAY,PHOENIX SUNS,LOSS,1430,4,10,0,2,1,2,0,1,6,0,0,3,3,3.5
jeffrja01,Jared Jeffries,NEW YORK KNICKS,HOME,SAN ANTONIO SPURS,WIN,1329,2,4,0,0,0,0,1,1,1,1,0,0,3,3.5
richaqu01,Quentin Richardson,NEW YORK KNICKS,HOME,SAN ANTONIO SPURS,WIN,1299,3,10,1,5,1,1,0,1,2,0,0,1,0,2.9
gallida01,Danilo Gallinari,NEW YORK KNICKS,HOME,SAN ANTONIO SPURS,WIN,608,1,1,0,0,0,0,0,0,0,1,0,0,0,2.7
thornal01,Al Thornton,LOS ANGELES CLIPPERS,AWAY,PHOENIX SUNS,LOSS,1563,3,9,0,2,2,2,1,0,1,2,0,2,4,2.7
udokaim01,Ime Udoka,SAN ANTONIO SPURS,AWAY,NEW YORK KNICKS,LOSS,45,1,1,1,1,0,0,0,0,0,0,0,0,0,2.7
randoza01,Zach Randolph,LOS ANGELES CLIPPERS,AWAY,PHOENIX SUNS,LOSS,688,2,5,0,2,0,0,0,2,1,0,0,0,1,2.2
tuckeal02,Alando Tucker,PHOENIX SUNS,HOME,LOS ANGELES CLIPPERS,WIN,1209,2,9,0,2,4,5,2,0,1,1,0,3,0,2.2
villach01,Charlie Villanueva,MILWAUKEE BUCKS,AWAY,DETROIT PISTONS,WIN,1503,4,14,1,5,1,2,0,5,3,0,0,2,2,2.2
watsoea01,Earl Watson,OKLAHOMA CITY THUNDER,HOME,NEW ORLEANS HORNETS,LOSS,1385,0,6,0,4,0,0,0,5,7,1,0,1,0,2.2
douglch01,Chris Douglas-Roberts,NEW JERSEY NETS,AWAY,HOUSTON ROCKETS,LOSS,292,0,1,0,0,0,0,0,0,4,0,0,0,0,2.1
thomati01,Tim Thomas,NEW YORK KNICKS,HOME,SAN ANTONIO SPURS,WIN,1640,3,9,1,4,1,2,0,5,1,0,0,1,4,2.1
daniean01,Antonio Daniels,NEW ORLEANS HORNETS,AWAY,OKLAHOMA CITY THUNDER,WIN,817,1,1,0,0,0,0,0,0,1,0,0,0,1,2.0
wallage01,Gerald Wallace,CHARLOTTE BOBCATS,AWAY,ORLANDO MAGIC,LOSS,2338,3,9,1,4,1,2,0,4,4,0,1,4,3,2.0
hayesch01,Chuck Hayes,HOUSTON ROCKETS,HOME,NEW JERSEY NETS,WIN,647,1,2,0,0,0,0,3,0,0,0,0,0,3,1.9
howarju01,Juwan Howard,CHARLOTTE BOBCATS,AWAY,ORLANDO MAGIC,LOSS,487,1,2,0,0,0,0,0,2,1,0,0,0,1,1.9
koufoko01,Kosta Koufos,UTAH JAZZ,HOME,MEMPHIS GRIZZLIES,WIN,667,1,1,0,0,0,0,0,1,0,0,1,0,2,1.9
lawac01,Acie Law,ATLANTA HAWKS,AWAY,LOS ANGELES LAKERS,LOSS,1407,2,9,0,1,3,3,0,3,1,0,0,1,1,1.7
obertfa01,Fabricio Oberto,SAN ANTONIO SPURS,AWAY,NEW YORK KNICKS,LOSS,327,1,1,0,0,0,0,0,0,0,0,0,0,0,1.7
fesenky01,Kyrylo Fesenko,UTAH JAZZ,HOME,MEMPHIS GRIZZLIES,WIN,315,0,0,0,0,2,2,0,0,0,0,1,0,3,1.5
smithcr01,Craig Smith,MINNESOTA TIMBERWOLVES,AWAY,WASHINGTON WIZARDS,LOSS,1050,1,4,0,0,0,0,0,1,2,3,0,2,2,1.5
gortama01,Marcin Gortat,ORLANDO MAGIC,HOME,CHARLOTTE BOBCATS,WIN,380,1,1,0,0,0,0,1,0,0,0,0,1,0,1.4
bowenry01,Ryan Bowen,NEW ORLEANS HORNETS,AWAY,OKLAHOMA CITY THUNDER,WIN,523,0,0,0,0,0,0,0,0,1,1,0,0,1,1.3
hayesja01,Jarvis Hayes,NEW JERSEY NETS,AWAY,HOUSTON ROCKETS,LOSS,1000,1,6,1,3,3,4,0,3,0,0,0,1,1,1.3
gilled01,Eddie Gill,MILWAUKEE BUCKS,AWAY,DETROIT PISTONS,WIN,377,0,0,0,0,0,0,0,1,1,1,0,0,2,1.2
marshdo01,Donyell Marshall,PHILADELPHIA 76ERS,AWAY,INDIANA PACERS,LOSS,319,1,3,1,3,0,0,0,1,0,0,0,0,1,1.2
morrira01,Randolph Morris,ATLANTA HAWKS,AWAY,LOS ANGELES LAKERS,LOSS,180,0,0,0,0,0,0,0,0,0,1,0,0,0,1.0
boganke01,Keith Bogans,MILWAUKEE BUCKS,AWAY,DETROIT PISTONS,WIN,737,0,1,0,0,2,2,0,0,0,0,0,0,1,0.9
mcgeeja01,JaVale McGee,WASHINGTON WIZARDS,HOME,MINNESOTA TIMBERWOLVES,WIN,797,2,3,0,0,0,0,0,2,0,1,1,3,3,0.8
hillge01,George Hill,SAN ANTONIO SPURS,AWAY,NEW YORK KNICKS,LOSS,1079,1,4,0,0,1,1,1,1,1,1,0,1,4,0.7
atkinch01,Chucky Atkins,OKLAHOMA CITY THUNDER,HOME,NEW ORLEANS HORNETS,LOSS,388,1,3,0,2,0,0,0,1,0,0,0,0,0,0.6
hartja01,Jason Hart,LOS ANGELES CLIPPERS,AWAY,PHOENIX SUNS,LOSS,320,0,1,0,1,0,0,0,2,1,0,0,0,0,0.6
bastoma01,Maceo Baston,INDIANA PACERS,HOME,PHILADELPHIA 76ERS,WIN,395,0,1,0,0,0,0,1,2,0,0,0,0,1,0.2
iveyro01,Royal Ivey,PHILADELPHIA 76ERS,AWAY,INDIANA PACERS,LOSS,748,0,4,0,1,0,0,0,0,2,2,0,0,1,0.2
mccanra01,Rashad McCants,MINNESOTA TIMBERWOLVES,AWAY,WASHINGTON WIZARDS,LOSS,502,1,5,0,1,1,2,1,0,1,1,0,1,2,0.1
bynumwi01,Will Bynum,DETROIT PISTONS,HOME,MILWAUKEE BUCKS,LOSS,144,0,1,0,0,0,0,0,0,1,0,0,0,0,0.0
rossqu01,Quinton Ross,MEMPHIS GRIZZLIES,AWAY,UTAH JAZZ,LOSS,183,0,0,0,0,0,0,0,0,0,0,0,0,0,0.0
collini01,Nick Collison,OKLAHOMA CITY THUNDER,HOME,NEW ORLEANS HORNETS,LOSS,1649,0,3,0,0,1,2,2,6,0,0,0,1,2,-0.1
korveky01,Kyle Korver,UTAH JAZZ,HOME,MEMPHIS GRIZZLIES,WIN,1282,1,9,1,5,0,0,2,7,0,1,0,1,2,-0.2
poweljo01,Josh Powell,LOS ANGELES LAKERS,HOME,ATLANTA HAWKS,WIN,678,3,6,0,0,0,0,1,2,1,0,0,4,3,-0.2
hassetr01,Trenton Hassell,NEW JERSEY NETS,AWAY,HOUSTON ROCKETS,LOSS,1352,0,3,0,0,0,0,0,1,2,0,1,0,2,-0.5
mihmch01,Chris Mihm,LOS ANGELES LAKERS,HOME,ATLANTA HAWKS,WIN,1026,2,10,0,0,0,0,5,2,0,0,2,3,2,-0.5
milesda01,Darius Miles,MEMPHIS GRIZZLIES,AWAY,UTAH JAZZ,LOSS,183,0,1,0,1,1,2,0,0,0,0,0,0,1,-0.5
buckngr01,Greg Buckner,MEMPHIS GRIZZLIES,AWAY,UTAH JAZZ,LOSS,1065,1,4,0,2,0,0,0,1,1,0,0,0,3,-0.6
battito01,Tony Battie,ORLANDO MAGIC,HOME,CHARLOTTE BOBCATS,WIN,813,0,2,0,0,0,0,1,1,1,0,0,1,0,-0.7
pietrmi01,Mickaël Piétrus,ORLANDO MAGIC,HOME,CHARLOTTE BOBCATS,WIN,1339,1,6,1,5,0,0,0,3,0,0,0,0,2,-0.7
pricero01,Ronnie Price,UTAH JAZZ,HOME,MEMPHIS GRIZZLIES,WIN,183,0,0,0,0,0,0,0,0,1,0,0,1,1,-0.7
rushbr01,Brandon Rush,INDIANA PACERS,HOME,PHILADELPHIA 76ERS,WIN,776,0,2,0,1,0,0,0,0,0,0,1,0,0,-0.7
boonejo01,Josh Boone,NEW JERSEY NETS,AWAY,HOUSTON ROCKETS,LOSS,550,0,5,0,0,2,2,1,0,0,0,0,0,0,-0.8
lowryky01,Kyle Lowry,MEMPHIS GRIZZLIES,AWAY,UTAH JAZZ,LOSS,602,1,3,0,2,0,0,0,1,0,0,0,1,1,-0.8
willise01,Sean Williams,NEW JERSEY NETS,AWAY,HOUSTON ROCKETS,LOSS,442,0,1,0,0,0,0,0,1,0,0,0,0,1,-0.8
doolike01,Keyon Dooling,NEW JERSEY NETS,AWAY,HOUSTON ROCKETS,LOSS,1419,0,4,0,0,0,0,0,1,1,3,0,2,1,-1.2
maxieja01,Jason Maxiell,DETROIT PISTONS,HOME,MILWAUKEE BUCKS,LOSS,394,0,1,0,0,0,0,0,1,0,0,0,0,2,-1.2
morriad01,Adam Morrison,LOS ANGELES LAKERS,HOME,ATLANTA HAWKS,WIN,436,0,2,0,1,1,2,0,1,1,0,0,1,1,-1.2
bellch01,Charlie Bell,MILWAUKEE BUCKS,AWAY,DETROIT PISTONS,WIN,1471,2,10,1,3,0,0,0,1,1,0,0,0,3,-1.4
gardnth01,Thomas Gardner,ATLANTA HAWKS,AWAY,LOS ANGELES LAKERS,LOSS,304,0,2,0,1,0,0,0,0,0,0,0,0,0,-1.4
madsema01,Mark Madsen,MINNESOTA TIMBERWOLVES,AWAY,WASHINGTON WIZARDS,LOSS,521,0,0,0,0,0,0,0,1,0,0,0,1,2,-1.5
speigma01,Marreese Speights,PHILADELPHIA 76ERS,AWAY,INDIANA PACERS,LOSS,126,0,1,0,0,0,0,0,0,0,0,0,0,2,-1.5
armsthi01,Hilton Armstrong,NEW ORLEANS HORNETS,AWAY,OKLAHOMA CITY THUNDER,WIN,554,1,5,0,0,0,0,0,3,0,0,0,1,1,-1.6
harprma01,Matt Harpring,UTAH JAZZ,HOME,MEMPHIS GRIZZLIES,WIN,656,0,4,0,0,3,4,0,0,1,0,0,1,3,-1.7
gadzuda01,Dan Gadzuric,MILWAUKEE BUCKS,AWAY,DETROIT PISTONS,WIN,179,0,2,0,0,0,0,0,0,0,0,0,0,1,-1.8
martica01,Cartier Martin,CHARLOTTE BOBCATS,AWAY,ORLANDO MAGIC,LOSS,519,0,1,0,0,0,0,0,2,0,0,0,1,2,-1.9
brownde02,Devin Brown,NEW ORLEANS HORNETS,AWAY,OKLAHOMA CITY THUNDER,WIN,403,0,1,0,0,0,0,0,2,0,0,0,2,0,-2.1
jaricma01,Marko Jarić,MEMPHIS GRIZZLIES,AWAY,UTAH JAZZ,LOSS,857,0,7,0,0,0,0,4,2,2,0,0,3,1,-3.5
brownsh01,Shannon Brown,LOS ANGELES LAKERS,HOME,ATLANTA HAWKS,WIN,337,0,2,0,0,0,0,0,2,0,0,0,2,3,-4.0
stuckro01,Rodney Stuckey,DETROIT PISTONS,HOME,MILWAUKEE BUCKS,LOSS,1852,1,6,0,2,1,2,0,3,1,0,0,2,6,-4.0
youngni01,Nick Young,WASHINGTON WIZARDS,HOME,MINNESOTA TIMBERWOLVES,WIN,880,0,5,0,2,1,2,0,1,0,0,0,1,1,-4.0
evansma01,Maurice Evans,ATLANTA HAWKS,AWAY,LOS ANGELES LAKERS,LOSS,1138,0,5,0,3,2,2,0,2,0,0,0,3,3,-5.1
