slug,name,team,location,opponent,outcome,seconds_played,made_field_goals,attempted_field_goals,made_three_point_field_goals,attempted_three_point_field_goals,made_free_throws,attempted_free_throws,offensive_rebounds,defensive_rebounds,assists,steals,blocks,turnovers,personal_fouls,game_score
wadedw01,Dwyane Wade,MIAMI HEAT,HOME,NEW YORK KNICKS,WIN,2478,16,29,2,3,12,12,4,4,10,4,4,2,1,47.5
okafoem01,Emeka Okafor,CHARLOTTE BOBCATS,AWAY,LOS ANGELES CLIPPERS,WIN,2036,11,17,0,0,6,7,5,4,2,1,1,1,2,26.1
okurme01,Mehmet Okur,UTAH JAZZ,HOME,SACRAMENTO KINGS,WIN,1739,9,12,4,4,4,5,1,4,1,2,1,0,0,26.1
randoza01,Zach Randolph,LOS ANGELES CLIPPERS,HOME,CHARLOTTE BOBCATS,LOSS,2285,12,21,1,2,8,10,4,5,2,0,1,3,2,24.9
brewero02,Ronnie Brewer,UTAH JAZZ,HOME,SACRAMENTO KINGS,WIN,2481,10,18,1,2,5,8,2,5,2,4,1,2,1,22.8
millean02,Andre Miller,PHILADELPHIA 76ERS,HOME,ORLANDO MAGIC,LOSS,2297,10,14,0,1,3,4,2,6,7,1,0,3,1,22.5
artesro01,Metta World Peace,HOUSTON ROCKETS,AWAY,CHICAGO BULLS,LOSS,2570,13,24,6,12,0,0,1,5,1,3,0,4,1,21.9
turkohe01,Hedo Türkoğlu,ORLANDO MAGIC,AWAY,PHILADELPHIA 76ERS,WIN,2399,7,11,3,5,6,7,0,6,7,1,0,3,2,21.6
robinna01,Nate Robinson,NEW YORK KNICKS,AWAY,MIAMI HEAT,LOSS,1970,10,21,5,10,4,5,5,3,4,0,0,2,5,21.1
jamisan01,Antawn Jamison,WASHINGTON WIZARDS,AWAY,MILWAUKEE BUCKS,LOSS,2399,9,16,0,2,3,6,5,9,2,3,0,2,2,20.0
westbru01,Russell Westbrook,OKLAHOMA CITY THUNDER,AWAY,MEMPHIS GRIZZLIES,WIN,2457,5,17,0,2,15,17,2,2,7,4,0,5,3,19.0
duhonch01,Chris Duhon,NEW YORK KNICKS,AWAY,MIAMI HEAT,LOSS,2307,6,9,5,5,2,3,1,5,9,0,0,5,0,18.2
greenje02,Jeff Green,OKLAHOMA CITY THUNDER,AWAY,MEMPHIS GRIZZLIES,WIN,2375,8,20,3,5,8,9,2,8,2,1,0,3,2,18.2
rosede01,Derrick Rose,CHICAGO BULLS,HOME,HOUSTON ROCKETS,WIN,2400,10,21,0,2,2,4,3,5,7,1,0,2,0,18.0
jefferi01,Richard Jefferson,MILWAUKEE BUCKS,HOME,WASHINGTON WIZARDS,WIN,2301,6,17,2,4,8,8,0,2,3,2,1,0,1,17.5
villach01,Charlie Villanueva,MILWAUKEE BUCKS,HOME,WASHINGTON WIZARDS,WIN,1651,9,13,4,5,3,4,0,3,2,1,0,3,5,17.4
leeda02,David Lee,NEW YORK KNICKS,AWAY,MIAMI HEAT,LOSS,2307,7,8,0,0,4,6,2,11,0,0,0,1,2,17.3
lewisra02,Rashard Lewis,ORLANDO MAGIC,AWAY,PHILADELPHIA 76ERS,WIN,2501,8,12,5,8,2,2,1,3,3,0,0,3,4,16.9
thomaty01,Tyrus Thomas,CHICAGO BULLS,HOME,HOUSTON ROCKETS,WIN,1659,9,16,0,1,1,3,4,5,0,2,2,1,2,16.5
bellra01,Raja Bell,CHARLOTTE BOBCATS,AWAY,LOS ANGELES CLIPPERS,WIN,2256,9,15,3,5,0,0,1,6,2,0,0,1,3,15.8
moonja01,Jamario Moon,MIAMI HEAT,HOME,NEW YORK KNICKS,WIN,2356,7,14,3,6,0,0,3,9,0,1,0,0,1,15.4
willide01,Deron Williams,UTAH JAZZ,HOME,SACRAMENTO KINGS,WIN,1988,5,11,1,3,5,6,0,1,11,1,0,3,2,15.1
gayru01,Rudy Gay,MEMPHIS GRIZZLIES,HOME,OKLAHOMA CITY THUNDER,LOSS,1973,7,14,1,1,5,6,0,7,1,1,1,1,3,14.9
iguodan01,Andre Iguodala,PHILADELPHIA 76ERS,HOME,ORLANDO MAGIC,LOSS,2724,8,21,2,4,4,7,1,4,4,1,0,0,1,14.6
noahjo01,Joakim Noah,CHICAGO BULLS,HOME,HOUSTON ROCKETS,WIN,1957,3,7,0,0,4,4,5,10,3,0,2,1,2,14.5
greenwi01,Willie Green,PHILADELPHIA 76ERS,HOME,ORLANDO MAGIC,LOSS,2089,7,14,2,2,3,3,0,1,2,1,1,0,3,14.2
mbahalu01,Luc Mbah a Moute,MILWAUKEE BUCKS,HOME,WASHINGTON WIZARDS,WIN,1939,6,9,0,0,1,1,5,4,2,2,1,3,2,14.1
wallage01,Gerald Wallace,CHARLOTTE BOBCATS,AWAY,LOS ANGELES CLIPPERS,WIN,2199,3,7,0,0,3,4,3,6,3,4,1,1,2,13.8
gordobe01,Ben Gordon,CHICAGO BULLS,HOME,HOUSTON ROCKETS,WIN,1718,6,13,1,2,3,3,2,1,3,2,0,1,2,13.3
sefolth01,Thabo Sefolosha,OKLAHOMA CITY THUNDER,AWAY,MEMPHIS GRIZZLIES,WIN,2471,5,13,0,3,5,7,2,9,3,2,1,3,1,12.6
scolalu01,Luis Scola,HOUSTON ROCKETS,AWAY,CHICAGO BULLS,LOSS,2438,7,10,0,0,2,2,3,9,2,1,0,5,4,12.4
millspa01,Paul Millsap,UTAH JAZZ,HOME,SACRAMENTO KINGS,WIN,1788,4,9,0,0,0,0,2,10,2,2,2,0,1,12.1
mccanra01,Rashad McCants,SACRAMENTO KINGS,AWAY,UTAH JAZZ,LOSS,1613,8,14,1,2,0,0,0,2,1,2,0,1,2,11.9
mingya01,Yao Ming,HOUSTON ROCKETS,AWAY,CHICAGO BULLS,LOSS,2069,6,14,0,0,5,5,1,6,1,0,3,1,5,11.9
millebr01,Brad Miller,CHICAGO BULLS,HOME,HOUSTON ROCKETS,WIN,1709,4,7,1,1,2,2,2,2,4,3,0,2,5,11.5
sessira01,Ramon Sessions,MILWAUKEE BUCKS,HOME,WASHINGTON WIZARDS,WIN,1746,5,10,0,0,2,3,0,2,10,0,0,2,2,11.4
hughela01,Larry Hughes,NEW YORK KNICKS,AWAY,MIAMI HEAT,LOSS,2304,7,16,4,7,1,2,1,1,5,2,0,4,4,11.1
arthuda01,Darrell Arthur,MEMPHIS GRIZZLIES,HOME,OKLAHOMA CITY THUNDER,LOSS,969,6,7,0,0,1,2,3,0,0,0,0,0,3,11.0
bellch01,Charlie Bell,MILWAUKEE BUCKS,HOME,WASHINGTON WIZARDS,WIN,1984,5,8,2,5,0,0,2,1,3,1,1,1,5,10.9
thompja02,Jason Thompson,SACRAMENTO KINGS,AWAY,UTAH JAZZ,LOSS,2498,3,9,0,0,1,2,4,8,3,2,3,1,3,10.7
davisba01,Baron Davis,LOS ANGELES CLIPPERS,HOME,CHARLOTTE BOBCATS,LOSS,2120,6,12,2,3,0,0,0,3,6,1,1,3,3,10.6
gadzuda01,Dan Gadzuric,MILWAUKEE BUCKS,HOME,WASHINGTON WIZARDS,WIN,1337,5,6,0,0,0,0,2,9,0,2,1,2,5,10.6
butleca01,Caron Butler,WASHINGTON WIZARDS,AWAY,MILWAUKEE BUCKS,LOSS,2392,6,15,0,2,7,8,0,4,6,1,1,6,3,10.4
thornal01,Al Thornton,LOS ANGELES CLIPPERS,HOME,CHARLOTTE BOBCATS,LOSS,2483,7,17,0,2,2,3,1,4,2,2,1,1,3,10.3
collini01,Nick Collison,OKLAHOMA CITY THUNDER,AWAY,MEMPHIS GRIZZLIES,WIN,1769,4,9,0,0,0,0,5,4,3,1,1,0,4,10.2
cambyma01,Marcus Camby,LOS ANGELES CLIPPERS,HOME,CHARLOTTE BOBCATS,LOSS,2086,2,2,0,0,0,0,1,12,2,0,2,0,1,10.1
onealje01,Jermaine O'Neal,MIAMI HEAT,HOME,NEW YORK KNICKS,WIN,2002,9,16,0,0,0,0,2,5,0,0,2,3,4,10.1
taylomi01,Mike Taylor,LOS ANGELES CLIPPERS,HOME,CHARLOTTE BOBCATS,LOSS,1486,6,8,1,2,0,0,1,1,3,2,0,4,2,10.1
jacksbo01,Bobby Jackson,SACRAMENTO KINGS,AWAY,UTAH JAZZ,LOSS,1844,6,13,1,5,1,2,0,3,1,2,1,0,3,10.0
youngth01,Thaddeus Young,PHILADELPHIA 76ERS,HOME,ORLANDO MAGIC,LOSS,2462,7,15,0,0,4,4,2,0,0,2,1,3,4,9.8
salmojo01,John Salmons,CHICAGO BULLS,HOME,HOUSTON ROCKETS,WIN,2345,5,11,1,4,1,2,1,5,3,1,1,2,1,9.5
conlemi01,Mike Conley,MEMPHIS GRIZZLIES,HOME,OKLAHOMA CITY THUNDER,LOSS,2057,7,15,0,2,3,4,0,6,4,1,0,3,6,9.1
lowryky01,Kyle Lowry,HOUSTON ROCKETS,AWAY,CHICAGO BULLS,LOSS,960,4,5,0,0,2,2,0,2,2,1,0,0,5,9.1
leeco01,Courtney Lee,ORLANDO MAGIC,AWAY,PHILADELPHIA 76ERS,WIN,1882,6,18,4,12,2,2,1,1,1,0,0,0,2,8.7
martike02,Kevin Martin,SACRAMENTO KINGS,AWAY,UTAH JAZZ,LOSS,2245,6,16,1,2,6,7,1,2,2,1,0,4,2,8.7
augusdj01,D.J. Augustin,CHARLOTTE BOBCATS,AWAY,LOS ANGELES CLIPPERS,WIN,1617,2,6,2,4,1,2,0,0,8,1,0,1,1,8.4
mcguido01,Dominic McGuire,WASHINGTON WIZARDS,AWAY,MILWAUKEE BUCKS,LOSS,1905,3,4,0,0,0,0,0,1,4,1,3,1,3,8.4
diawbo01,Boris Diaw,CHARLOTTE BOBCATS,AWAY,LOS ANGELES CLIPPERS,WIN,2383,7,15,1,2,0,0,1,2,4,1,1,4,2,8.3
mayooj01,O.J. Mayo,MEMPHIS GRIZZLIES,HOME,OKLAHOMA CITY THUNDER,LOSS,2332,7,17,1,4,3,4,0,5,3,0,0,3,3,7.9
hasleud01,Udonis Haslem,MIAMI HEAT,HOME,NEW YORK KNICKS,WIN,2282,3,6,0,0,2,2,5,5,0,0,0,1,3,7.8
weaveky01,Kyle Weaver,OKLAHOMA CITY THUNDER,AWAY,MEMPHIS GRIZZLIES,WIN,2366,3,7,1,2,1,2,0,2,1,2,2,0,2,7.8
feltora01,Raymond Felton,CHARLOTTE BOBCATS,AWAY,LOS ANGELES CLIPPERS,WIN,1460,4,10,1,2,0,0,1,1,7,0,0,1,2,7.7
johnsan02,Anthony Johnson,ORLANDO MAGIC,AWAY,PHILADELPHIA 76ERS,WIN,1233,2,8,1,4,2,2,1,4,6,1,0,1,2,7.5
youngni01,Nick Young,WASHINGTON WIZARDS,AWAY,MILWAUKEE BUCKS,LOSS,1461,3,8,1,1,6,7,0,2,0,1,0,2,1,7.4
beaslmi01,Michael Beasley,MIAMI HEAT,HOME,NEW YORK KNICKS,WIN,1476,6,13,0,1,0,1,1,6,1,0,0,0,2,7.3
battish01,Shane Battier,HOUSTON ROCKETS,AWAY,CHICAGO BULLS,LOSS,2363,2,6,2,6,0,0,3,6,1,0,1,0,2,7.1
howardw01,Dwight Howard,ORLANDO MAGIC,AWAY,PHILADELPHIA 76ERS,WIN,1970,4,7,0,0,4,8,2,6,0,0,3,3,6,7.0
chandwi01,Wilson Chandler,NEW YORK KNICKS,AWAY,MIAMI HEAT,LOSS,1287,1,3,1,3,2,2,0,3,4,0,3,1,3,6.9
jamesmi01,Mike James,WASHINGTON WIZARDS,AWAY,MILWAUKEE BUCKS,LOSS,1808,2,5,1,3,2,2,0,3,4,1,0,1,3,6.8
wafervo01,Von Wafer,HOUSTON ROCKETS,AWAY,CHICAGO BULLS,LOSS,1379,4,11,1,4,2,2,0,2,1,2,0,0,4,6.6
gortama01,Marcin Gortat,ORLANDO MAGIC,AWAY,PHILADELPHIA 76ERS,WIN,911,3,3,0,0,0,0,0,6,0,0,0,0,1,6.5
davisri01,Ricky Davis,LOS ANGELES CLIPPERS,HOME,CHARLOTTE BOBCATS,LOSS,1593,1,5,1,2,2,2,0,2,6,1,1,2,0,6.4
alstora01,Rafer Alston,ORLANDO MAGIC,AWAY,PHILADELPHIA 76ERS,WIN,1647,5,11,1,3,0,0,0,1,5,0,0,2,2,6.3
solomwi01,Will Solomon,SACRAMENTO KINGS,AWAY,UTAH JAZZ,LOSS,1036,3,5,2,2,1,2,0,0,1,1,0,1,2,6.2
songada01,Darius Songaila,WASHINGTON WIZARDS,AWAY,MILWAUKEE BUCKS,LOSS,983,4,5,0,0,1,1,0,1,1,0,0,1,3,5.9
garcifr01,Francisco García,SACRAMENTO KINGS,AWAY,UTAH JAZZ,LOSS,1911,5,10,1,4,2,2,0,2,3,1,0,4,5,5.7
krstine01,Nenad Krstić,OKLAHOMA CITY THUNDER,AWAY,MEMPHIS GRIZZLIES,WIN,1543,5,8,0,0,0,0,1,2,0,0,0,0,5,5.7
blatcan01,Andray Blatche,WASHINGTON WIZARDS,AWAY,MILWAUKEE BUCKS,LOSS,1348,2,6,0,0,4,4,0,1,0,0,2,0,2,5.5
jeffrja01,Jared Jeffries,NEW YORK KNICKS,AWAY,MIAMI HEAT,LOSS,830,2,2,0,0,0,0,2,0,0,1,0,0,1,5.4
chalmma01,Mario Chalmers,MIAMI HEAT,HOME,NEW YORK KNICKS,WIN,1726,3,9,1,5,1,2,0,1,5,2,0,1,5,5.3
harrial01,Al Harrington,NEW YORK KNICKS,AWAY,MIAMI HEAT,LOSS,2270,4,16,0,6,8,9,1,4,2,0,0,2,5,5.3
boganke01,Keith Bogans,MILWAUKEE BUCKS,HOME,WASHINGTON WIZARDS,WIN,556,2,3,2,3,0,0,0,2,0,0,1,0,2,5.2
brookaa01,Aaron Brooks,HOUSTON ROCKETS,AWAY,CHICAGO BULLS,LOSS,2123,2,9,1,5,3,3,0,1,7,1,0,3,2,4.9
milicda01,Darko Miličić,MEMPHIS GRIZZLIES,HOME,OKLAHOMA CITY THUNDER,LOSS,1254,3,3,0,0,1,5,1,4,0,1,1,2,3,4.9
hawessp01,Spencer Hawes,SACRAMENTO KINGS,AWAY,UTAH JAZZ,LOSS,1394,2,4,1,1,0,2,2,9,3,0,0,3,2,4.6
boozeca01,Carlos Boozer,UTAH JAZZ,HOME,SACRAMENTO KINGS,WIN,1092,3,5,0,0,0,2,1,4,3,0,0,2,1,4.5
jonesja02,James Jones,MIAMI HEAT,HOME,NEW YORK KNICKS,WIN,1183,3,7,0,2,2,2,0,0,2,0,0,0,3,4.5
ridnolu01,Luke Ridnour,MILWAUKEE BUCKS,HOME,WASHINGTON WIZARDS,WIN,1268,1,6,1,2,2,4,0,1,8,0,0,1,2,4.5
jaricma01,Marko Jarić,MEMPHIS GRIZZLIES,HOME,OKLAHOMA CITY THUNDER,LOSS,754,0,4,0,0,4,4,0,0,3,3,0,1,3,4.1
korveky01,Kyle Korver,UTAH JAZZ,HOME,SACRAMENTO KINGS,WIN,1713,1,2,1,2,0,0,0,4,5,0,0,1,4,4.1
redicjj01,J.J. Redick,ORLANDO MAGIC,AWAY,PHILADELPHIA 76ERS,WIN,827,1,3,1,3,1,1,0,0,1,1,0,0,0,4.0
dalemsa01,Samuel Dalembert,PHILADELPHIA 76ERS,HOME,ORLANDO MAGIC,LOSS,971,3,5,0,0,2,2,1,5,0,0,0,2,5,3.9
mcgeeja01,JaVale McGee,WASHINGTON WIZARDS,AWAY,MILWAUKEE BUCKS,LOSS,814,4,7,0,0,0,0,2,2,0,0,0,2,2,3.9
swiftro01,Robert Swift,OKLAHOMA CITY THUNDER,AWAY,MEMPHIS GRIZZLIES,WIN,802,2,4,0,0,0,0,1,2,0,0,2,0,2,3.9
iveyro01,Royal Ivey,PHILADELPHIA 76ERS,HOME,ORLANDO MAGIC,LOSS,601,1,2,1,2,0,0,0,0,0,1,1,0,0,3.7
novakst01,Steve Novak,LOS ANGELES CLIPPERS,HOME,CHARLOTTE BOBCATS,LOSS,963,2,7,1,4,0,0,0,0,1,2,0,0,0,3.6
buckngr01,Greg Buckner,MEMPHIS GRIZZLIES,HOME,OKLAHOMA CITY THUNDER,LOSS,1243,2,3,0,0,2,2,0,3,3,0,0,3,3,3.5
ackeral01,Alex Acker,LOS ANGELES CLIPPERS,HOME,CHARLOTTE BOBCATS,LOSS,796,2,3,1,2,0,0,0,2,1,0,0,1,2,3.2
gasolma01,Marc Gasol,MEMPHIS GRIZZLIES,HOME,OKLAHOMA CITY THUNDER,LOSS,1626,1,3,0,0,0,3,3,6,1,0,1,1,1,3.0
knighbr01,Brevin Knight,UTAH JAZZ,HOME,SACRAMENTO KINGS,WIN,785,1,2,0,0,0,0,0,0,4,1,0,2,0,2.8
radmavl01,Vladimir Radmanović,CHARLOTTE BOBCATS,AWAY,LOS ANGELES CLIPPERS,WIN,1178,3,10,3,6,0,0,0,1,2,0,0,1,3,2.7
gallida01,Danilo Gallinari,NEW YORK KNICKS,AWAY,MIAMI HEAT,LOSS,573,1,3,1,3,2,3,0,0,0,0,0,0,1,2.5
thomati01,Tim Thomas,CHICAGO BULLS,HOME,HOUSTON ROCKETS,WIN,435,1,3,0,1,0,0,1,2,0,1,0,0,1,2.2
hinriki01,Kirk Hinrich,CHICAGO BULLS,HOME,HOUSTON ROCKETS,WIN,1278,3,9,1,3,0,0,0,1,1,0,0,0,2,2.1
rossqu01,Quinton Ross,MEMPHIS GRIZZLIES,HOME,OKLAHOMA CITY THUNDER,LOSS,1124,1,4,1,2,0,0,0,2,0,1,1,0,2,2.1
diopde01,DeSagana Diop,CHARLOTTE BOBCATS,AWAY,LOS ANGELES CLIPPERS,WIN,844,1,4,0,0,0,0,3,2,0,0,0,0,1,1.9
warriha01,Hakim Warrick,MEMPHIS GRIZZLIES,HOME,OKLAHOMA CITY THUNDER,LOSS,1017,1,3,0,0,0,0,1,3,2,0,0,1,1,1.9
harprma01,Matt Harpring,UTAH JAZZ,HOME,SACRAMENTO KINGS,WIN,421,2,3,0,0,1,2,0,1,0,0,0,2,0,1.6
ratlith01,Theo Ratliff,PHILADELPHIA 76ERS,HOME,ORLANDO MAGIC,LOSS,814,0,1,0,0,2,2,1,4,0,0,0,0,4,1.6
evansre01,Reggie Evans,PHILADELPHIA 76ERS,HOME,ORLANDO MAGIC,LOSS,1206,1,2,0,0,1,2,1,3,0,0,0,1,2,1.4
martica01,Cartier Martin,CHARLOTTE BOBCATS,AWAY,LOS ANGELES CLIPPERS,WIN,427,0,0,0,0,0,0,0,2,1,0,0,0,0,1.3
simmoce01,Cedric Simmons,SACRAMENTO KINGS,AWAY,UTAH JAZZ,LOSS,159,0,0,0,0,0,0,1,1,0,0,0,0,0,1.0
milescj01,C.J. Miles,UTAH JAZZ,HOME,SACRAMENTO KINGS,WIN,1073,2,6,0,2,0,0,0,2,1,0,0,0,3,0.7
wilcoch01,Chris Wilcox,NEW YORK KNICKS,AWAY,MIAMI HEAT,LOSS,552,0,1,0,0,0,0,0,1,0,0,2,0,1,0.6
cookda02,Daequan Cook,MIAMI HEAT,HOME,NEW YORK KNICKS,WIN,897,1,5,1,5,0,0,0,1,1,0,0,0,1,0.5
allenma01,Malik Allen,MILWAUKEE BUCKS,HOME,WASHINGTON WIZARDS,WIN,616,1,3,0,0,0,0,1,1,1,0,0,1,2,0.2
kirilan01,Andrei Kirilenko,UTAH JAZZ,HOME,SACRAMENTO KINGS,WIN,1213,3,8,0,1,0,1,1,2,2,0,0,3,2,0.1
battito01,Tony Battie,ORLANDO MAGIC,AWAY,PHILADELPHIA 76ERS,WIN,241,0,1,0,0,0,0,1,0,0,0,0,0,0,0.0
jonesda01,Damon Jones,MILWAUKEE BUCKS,HOME,WASHINGTON WIZARDS,WIN,76,0,0,0,0,0,0,0,0,0,0,0,0,0,0.0
milesda01,Darius Miles,MEMPHIS GRIZZLIES,HOME,OKLAHOMA CITY THUNDER,LOSS,51,0,0,0,0,0,0,0,0,0,0,0,0,0,0.0
dixonju01,Juan Dixon,WASHINGTON WIZARDS,AWAY,MILWAUKEE BUCKS,LOSS,1197,1,4,0,2,0,0,0,1,4,0,0,2,2,-0.1
elsonfr01,Francisco Elson,MILWAUKEE BUCKS,HOME,WASHINGTON WIZARDS,WIN,927,1,3,0,0,0,0,0,2,1,0,1,2,1,-0.1
speigma01,Marreese Speights,PHILADELPHIA 76ERS,HOME,ORLANDO MAGIC,LOSS,441,1,2,0,0,0,0,0,1,0,0,0,1,1,-0.1
denglu01,Luol Deng,CHICAGO BULLS,HOME,HOUSTON ROCKETS,WIN,899,3,7,0,0,0,1,1,1,1,0,0,3,2,-0.2
nocioan01,Andrés Nocioni,SACRAMENTO KINGS,AWAY,UTAH JAZZ,LOSS,1541,2,8,1,3,0,0,2,4,3,0,0,4,3,-0.3
greendo01,Donté Greene,SACRAMENTO KINGS,AWAY,UTAH JAZZ,LOSS,159,0,1,0,0,0,0,0,0,0,0,0,0,0,-0.7
pecheol01,Oleksiy Pecherov,WASHINGTON WIZARDS,AWAY,MILWAUKEE BUCKS,LOSS,94,0,1,0,0,0,0,0,0,0,0,0,0,0,-0.7
willilo02,Lou Williams,PHILADELPHIA 76ERS,HOME,ORLANDO MAGIC,LOSS,798,0,3,0,0,0,0,0,1,4,2,0,3,2,-0.8
skinnbr01,Brian Skinner,LOS ANGELES CLIPPERS,HOME,CHARLOTTE BOBCATS,LOSS,588,0,0,0,0,0,0,1,0,0,0,1,1,4,-1.2
barrybr01,Brent Barry,HOUSTON ROCKETS,AWAY,CHICAGO BULLS,LOSS,499,1,3,0,1,0,0,0,1,0,0,0,2,0,-1.4
pricero01,Ronnie Price,UTAH JAZZ,HOME,SACRAMENTO KINGS,WIN,107,0,0,0,0,0,0,0,0,0,0,0,1,1,-1.4
pietrmi01,Mickaël Piétrus,ORLANDO MAGIC,AWAY,PHILADELPHIA 76ERS,WIN,790,1,4,0,2,0,0,0,1,1,0,0,1,3,-1.6
watsoea01,Earl Watson,OKLAHOMA CITY THUNDER,AWAY,MEMPHIS GRIZZLIES,WIN,617,1,3,0,0,0,1,0,0,1,0,0,2,1,-1.8
